Emp_ID,Name_Prefix,First_Name,Middle_Initial,Last_Name,Gender,Email,Father_Name,Mother_Name
158108,Mr.,Bernard,N,Weatherly,M,bernard.weatherly@gmail.com,Wilbur Weatherly,Liana Weatherly
863655,Ms.,Cordia,M,Knopp,F,cordia.knopp@hotmail.com,Wilson Knopp,Darline Knopp
343966,Mr.,Burton,C,Jin,M,burton.jin@yahoo.com,Richard Jin,Willette Jin
389958,Mr.,Lauren,O,Guzzi,M,lauren.guzzi@yahoo.com,Blair Guzzi,Shanika Guzzi
291208,Prof.,Carter,C,Hunt,M,carter.hunt@hotmail.com,Jamal Hunt,Kaila Hunt
636449,Mr.,Isaiah,Y,Magwood,M,isaiah.magwood@comcast.net,Bryan Magwood,Joaquina Magwood
731529,Mr.,Hugh,N,Chavira,M,hugh.chavira@yahoo.ca,Don Chavira,Aline Chavira
331652,Prof.,Lucius,C,Moorhead,M,lucius.moorhead@yahoo.com,Marcelino Moorhead,Jillian Moorhead
930753,Ms.,Deane,I,Keown,F,deane.keown@hotmail.com,Gale Keown,Dia Keown
212822,Mrs.,Joannie,E,Wolters,F,joannie.wolters@yahoo.co.in,Nicolas Wolters,Margarett Wolters
406273,Ms.,Christene,L,Mccaleb,F,christene.mccaleb@gmail.com,Freddie Mccaleb,Eladia Mccaleb
984721,Mrs.,Alline,V,Kushner,F,alline.kushner@aol.com,Harlan Kushner,Linsey Kushner
161868,Hon.,Vicki,Y,Hargrave,F,vicki.hargrave@hotmail.com,Judson Hargrave,Shonda Hargrave
948514,Mrs.,Julienne,A,Merkel,F,julienne.merkel@hotmail.com,Jesse Merkel,Deetta Merkel
467644,Mr.,Keven,C,Thole,M,keven.thole@gmail.com,Ismael Thole,Jonell Thole
439713,Ms.,Eusebia,N,Waldroup,F,eusebia.waldroup@hotmail.com,Shelton Waldroup,Keiko Waldroup
435127,Ms.,Veronique,E,Eccleston,F,veronique.eccleston@aol.com,Stacey Eccleston,Hettie Eccleston
880688,Mrs.,Sean,W,Richman,F,sean.richman@yahoo.com,Earl Richman,Jenise Richman
415263,Ms.,Lala,C,Marquez,F,lala.marquez@aol.com,Landon Marquez,Domitila Marquez
697769,Hon.,Derick,A,Macey,M,derick.macey@walmart.com,Kelley Macey,Dierdre Macey
469336,Mrs.,Eda,O,Brase,F,eda.brase@earthlink.net,Von Brase,Mittie Brase
352932,Mr.,Willis,D,Weissman,M,willis.weissman@gmail.com,Robert Weissman,Pauline Weissman
829478,Ms.,Mariam,F,Pinheiro,F,mariam.pinheiro@gmail.com,Bruno Pinheiro,Kati Pinheiro
517840,Mr.,Malcom,L,Meister,M,malcom.meister@apple.com,Ty Meister,Travis Meister
709861,Mrs.,Holli,G,Ethridge,F,holli.ethridge@gmail.com,Thomas Ethridge,Tabitha Ethridge
751367,Dr.,Cole,N,Poling,M,cole.poling@hotmail.com,Chase Poling,Pilar Poling
940813,Dr.,Ahmad,V,Lynde,M,ahmad.lynde@gmail.com,Vance Lynde,Loni Lynde
930580,Dr.,Mariano,F,Leary,M,mariano.leary@aol.com,Duncan Leary,Minh Leary
120297,Ms.,Tawanda,E,Buchanon,F,tawanda.buchanon@gmail.com,Zane Buchanon,Ashlyn Buchanon
796317,Hon.,Nickolas,G,Grossi,M,nickolas.grossi@aol.com,Santos Grossi,Calista Grossi
866076,Mr.,Bradford,K,Marlatt,M,bradford.marlatt@hotmail.com,Neville Marlatt,Cherise Marlatt
307787,Prof.,Carlton,P,Bose,M,carlton.bose@gmail.com,Lon Bose,Maricruz Bose
307470,Mrs.,Asuncion,X,Braunstein,F,asuncion.braunstein@hotmail.co.uk,Gordon Braunstein,Lashanda Braunstein
167307,Mr.,Theron,T,Kramer,M,theron.kramer@gmail.com,Waylon Kramer,Loida Kramer
511136,Prof.,Jeramy,F,Metoyer,M,jeramy.metoyer@aol.com,Clement Metoyer,Jonna Metoyer
320739,Hon.,Sol,K,Roger,F,sol.roger@msn.com,Roy Roger,Cythia Roger
979767,Mr.,Earnest,H,Birkholz,M,earnest.birkholz@yahoo.co.uk,Earnest Birkholz,Paris Birkholz
683618,Ms.,Amada,J,Knouse,F,amada.knouse@ibm.com,Gordon Knouse,Ji Knouse
473705,Mr.,Gregorio,H,Hottinger,M,gregorio.hottinger@hotmail.com,Sebastian Hottinger,Rickie Hottinger
565194,Mr.,Lawerence,W,Abernethy,M,lawerence.abernethy@aol.com,Jefferson Abernethy,Elenor Abernethy
961028,Ms.,Marina,X,Quayle,F,marina.quayle@yahoo.com,Vaughn Quayle,Contessa Quayle
595955,Mr.,Whitney,N,Wasinger,M,whitney.wasinger@hotmail.com,Darryl Wasinger,Sigrid Wasinger
501666,Prof.,Roy,W,Wilkie,M,roy.wilkie@gmail.com,Bobbie Wilkie,Kendra Wilkie
519722,Ms.,Hyun,Z,Bynoe,F,hyun.bynoe@gmail.com,Rickey Bynoe,Leora Bynoe
315542,Ms.,Katelin,F,Coney,F,katelin.coney@aol.com,Derick Coney,Sammie Coney
655893,Mrs.,Jennifer,Z,Pridgen,F,jennifer.pridgen@cox.net,Titus Pridgen,Riva Pridgen
840300,Mr.,Zachary,U,Breeden,M,zachary.breeden@shell.com,Joaquin Breeden,Obdulia Breeden
837373,Mr.,Deon,U,Mounce,M,deon.mounce@ibm.com,Jasper Mounce,Genevie Mounce
917497,Dr.,Buddy,G,Steinbeck,M,buddy.steinbeck@yahoo.com,Yong Steinbeck,Devin Steinbeck
629761,Dr.,Julius,N,Bakker,M,julius.bakker@gmail.com,Sylvester Bakker,Ciera Bakker
246170,Prof.,Hans,G,Koh,M,hans.koh@gmail.com,Lamont Koh,Cuc Koh
415117,Prof.,Jamal,G,Dimarco,M,jamal.dimarco@gmail.com,Stephen Dimarco,Marylyn Dimarco
131529,Mr.,Stephan,Q,Ranger,M,stephan.ranger@gmail.com,Brenton Ranger,Armida Ranger
479202,Mr.,Jackie,P,Montague,M,jackie.montague@gmail.com,Royal Montague,Stephen Montague
445460,Hon.,Nathanael,W,Ohl,M,nathanael.ohl@yahoo.com,Luciano Ohl,Venessa Ohl
796630,Prof.,Hosea,B,Michelson,M,hosea.michelson@outlook.com,Hilton Michelson,Kimbery Michelson
715505,Ms.,Carly,L,Sirianni,F,carly.sirianni@btinternet.com,Kristofer Sirianni,Delila Sirianni
875060,Mr.,Abram,S,Manrique,M,abram.manrique@gmail.com,Cleo Manrique,Maragaret Manrique
147860,Hon.,Mica,Z,Herzberg,F,mica.herzberg@apple.com,Jerome Herzberg,Maybell Herzberg
130621,Hon.,Lemuel,W,Hardman,M,lemuel.hardman@yahoo.com,Hyman Hardman,Arletha Hardman
501077,Mrs.,Shanelle,Z,Hick,F,shanelle.hick@walmart.com,Jamel Hick,Bette Hick
377936,Ms.,Maryellen,H,Hartness,F,maryellen.hartness@comcast.net,Clay Hartness,Katie Hartness
838232,Mr.,Sylvester,Z,Blackledge,M,sylvester.blackledge@hotmail.co.uk,Garfield Blackledge,Hilary Blackledge
684721,Ms.,Vivienne,X,Binion,F,vivienne.binion@hotmail.com,Ezekiel Binion,Tiffaney Binion
963125,Dr.,Ahmed,C,Minch,M,ahmed.minch@shaw.ca,Omar Minch,Merrie Minch
840967,Mr.,Leopoldo,U,Hole,M,leopoldo.hole@gmail.com,Tyrell Hole,Meta Hole
346058,Ms.,Gemma,I,Chilton,F,gemma.chilton@hotmail.com,Shon Chilton,Julieann Chilton
581598,Hon.,Laurence,K,Ryles,M,laurence.ryles@gmail.com,Keneth Ryles,Fawn Ryles
900315,Ms.,Eleanor,D,Dickson,F,eleanor.dickson@hotmail.com,Christoper Dickson,Erminia Dickson
590378,Mrs.,Elsy,B,Latta,F,elsy.latta@outlook.com,Clifford Latta,Debora Latta
859327,Mr.,Sherwood,K,Shire,M,sherwood.shire@gmail.com,Enoch Shire,Belva Shire
868398,Drs.,Carolynn,V,Moynihan,F,carolynn.moynihan@bellsouth.net,Isreal Moynihan,Lien Moynihan
115652,Mr.,Mckinley,H,Scofield,M,mckinley.scofield@apple.com,Wilfred Scofield,Natalia Scofield
272708,Dr.,Brendon,V,Crowther,M,brendon.crowther@gmail.com,Francesco Crowther,Maragaret Crowther
271755,Ms.,Nancy,V,Trogdon,F,nancy.trogdon@hotmail.com,Darryl Trogdon,Tressie Trogdon
363969,Mr.,Darin,U,Shipp,M,darin.shipp@yahoo.com,Rudy Shipp,Marilu Shipp
652594,Dr.,Joel,S,Maine,M,joel.maine@aol.com,Ferdinand Maine,Kathlene Maine
924253,Hon.,Luciana,N,Campfield,F,luciana.campfield@yahoo.com,Mose Campfield,Josephina Campfield
641123,Mr.,Gilbert,Z,Bloss,M,gilbert.bloss@aol.com,Roger Bloss,Lanora Bloss
506082,Mrs.,Sharda,W,Choudhury,F,sharda.choudhury@gmail.com,Terry Choudhury,Janell Choudhury
253382,Dr.,Chung,J,Moynihan,M,chung.moynihan@gmail.com,Rashad Moynihan,Vernia Moynihan
484953,Ms.,Dayna,M,Edmondson,F,dayna.edmondson@yahoo.ca,Bert Edmondson,Kirstin Edmondson
869829,Mrs.,Bobbie,S,Miner,F,bobbie.miner@gmail.com,Jermaine Miner,Jo Miner
643099,Mrs.,Gidget,X,Loring,F,gidget.loring@cox.net,Israel Loring,Maisha Loring
261820,Ms.,Hettie,S,Lauber,F,hettie.lauber@apple.com,John Lauber,Cordelia Lauber
312286,Ms.,Toi,F,Stallard,F,toi.stallard@ibm.com,Troy Stallard,Larissa Stallard
274333,Ms.,Tristan,L,Cockrell,F,tristan.cockrell@gmail.com,Jesus Cockrell,Cecily Cockrell
658971,Mrs.,Towanda,H,Matson,F,towanda.matson@yahoo.co.uk,Rusty Matson,Detra Matson
414942,Mr.,Leland,C,Fifield,M,leland.fifield@aol.com,Sid Fifield,Youlanda Fifield
361817,Ms.,Audria,W,Barrios,F,audria.barrios@hotmail.com,Jamar Barrios,Kalyn Barrios
599047,Mr.,Jim,J,Lurie,M,jim.lurie@gmail.com,Edison Lurie,Leontine Lurie
264907,Mrs.,Lorette,Y,Petrillo,F,lorette.petrillo@gmail.com,Ned Petrillo,Enda Petrillo
968011,Hon.,Damian,X,Grist,M,damian.grist@yahoo.co.in,Micah Grist,Lisha Grist
812203,Mrs.,Zana,G,Ordonez,F,zana.ordonez@hotmail.com,Isaias Ordonez,Remona Ordonez
252445,Mr.,Rhett,A,Chapple,M,rhett.chapple@btinternet.com,Luke Chapple,Nguyet Chapple
291039,Ms.,Jeneva,Y,Bybee,F,jeneva.bybee@charter.net,Jonathon Bybee,Sydney Bybee
597295,Mr.,Brendon,J,Camp,M,brendon.camp@apple.com,Jude Camp,Shaniqua Camp
356858,Mrs.,Nettie,T,Mccandless,F,nettie.mccandless@gmail.com,Bobby Mccandless,Renate Mccandless
320954,Mrs.,Lezlie,Z,Bohannan,F,lezlie.bohannan@yahoo.com,Sang Bohannan,Janeth Bohannan
644758,Hon.,Hester,B,Cabana,F,hester.cabana@yahoo.com,Ivory Cabana,Julio Cabana
747295,Hon.,Isobel,K,Dance,F,isobel.dance@yahoo.co.in,Solomon Dance,Tamela Dance
940064,Mrs.,Erica,S,Harlan,F,erica.harlan@hotmail.com,Buford Harlan,Harriett Harlan
138395,Ms.,Leda,X,Haskell,F,leda.haskell@hotmail.com,Jordon Haskell,Tamica Haskell
269041,Mrs.,Loralee,V,Ball,F,loralee.ball@aol.com,Silas Ball,Kristina Ball
422403,Mr.,Otha,T,Orrell,M,otha.orrell@gmail.com,Santiago Orrell,Rosalee Orrell
270858,Ms.,Honey,D,Eaves,F,honey.eaves@aol.com,Jamel Eaves,Stephen Eaves
188762,Prof.,Ellis,V,Mcneel,M,ellis.mcneel@gmail.com,Erich Mcneel,Salome Mcneel
878572,Mr.,Gabriel,S,Beale,M,gabriel.beale@aol.com,Hilton Beale,Cheree Beale
978578,Mr.,Nathanael,G,Mcmillin,M,nathanael.mcmillin@gmail.com,Man Mcmillin,Eldora Mcmillin
559149,Mr.,Donald,H,Mazur,M,donald.mazur@yahoo.co.uk,Normand Mazur,Nery Mazur
786782,Mrs.,Eliz,R,Linneman,F,eliz.linneman@outlook.com,Jason Linneman,Rosena Linneman
251398,Mrs.,Gracie,P,Lett,F,gracie.lett@gmail.com,Jeremiah Lett,Margy Lett
470560,Ms.,Gema,S,Grover,F,gema.grover@gmail.com,Johnny Grover,Mechelle Grover
585154,Hon.,Delana,Y,Freedman,F,delana.freedman@hotmail.com,Benny Freedman,Edris Freedman
980684,Mr.,Mary,Y,Tate,M,mary.tate@charter.net,Brice Tate,Grayce Tate
853936,Mr.,Abe,J,Macleod,M,abe.macleod@gmail.com,Ronnie Macleod,Saran Macleod
665766,Mrs.,Evon,Q,Lawson,F,evon.lawson@gmail.com,Otto Lawson,Catrice Lawson
435517,Ms.,Jerlene,P,Dunnigan,F,jerlene.dunnigan@gmail.com,Columbus Dunnigan,Arleen Dunnigan
343874,Mr.,Bobbie,X,Schoenrock,M,bobbie.schoenrock@yahoo.ca,Rupert Schoenrock,Maricruz Schoenrock
910417,Mr.,Mike,A,Waddington,M,mike.waddington@bp.com,Merle Waddington,Loraine Waddington
947062,Prof.,Nigel,K,Wadsworth,M,nigel.wadsworth@rediffmail.com,Johnathan Wadsworth,Cheri Wadsworth
239416,Mr.,Hayden,E,Novack,M,hayden.novack@yahoo.com,Valentine Novack,Martha Novack
988819,Hon.,Voncile,P,Trojanowski,F,voncile.trojanowski@ibm.com,Ted Trojanowski,Thalia Trojanowski
805659,Ms.,Roberto,U,Derry,F,roberto.derry@gmail.com,Keenan Derry,Marty Derry
437766,Mrs.,Tona,S,Huseby,F,tona.huseby@aol.com,Hung Huseby,Travis Huseby
904673,Ms.,Londa,T,Maya,F,londa.maya@aol.com,Aubrey Maya,Lory Maya
914272,Drs.,Jocelyn,Q,Scotti,F,jocelyn.scotti@btinternet.com,Billy Scotti,Yukiko Scotti
821185,Mrs.,Frank,O,Mallon,F,frank.mallon@cox.net,Edgardo Mallon,Kera Mallon
348870,Mr.,Kurtis,C,Irons,M,kurtis.irons@aol.com,Homer Irons,Samantha Irons
631647,Mr.,Jamey,S,Seim,M,jamey.seim@cox.net,Rosendo Seim,Avis Seim
908046,Mr.,Walton,S,Keim,M,walton.keim@yahoo.co.uk,Archie Keim,Lorna Keim
871329,Mrs.,Micki,R,Jauregui,F,micki.jauregui@yahoo.com,Mitchel Jauregui,Raven Jauregui
326262,Ms.,Ngoc,X,Watson,F,ngoc.watson@microsoft.com,Fredrick Watson,Renee Watson
538230,Hon.,Inocencia,Z,Buteau,F,inocencia.buteau@gmail.com,Morris Buteau,Susana Buteau
116464,Prof.,Charlie,V,Koeller,M,charlie.koeller@gmail.com,Burt Koeller,Dinorah Koeller
461568,Ms.,Rosy,U,Baumeister,F,rosy.baumeister@earthlink.net,Phil Baumeister,Alexander Baumeister
353503,Mrs.,Charity,N,Denman,F,charity.denman@gmail.com,Mel Denman,Kyong Denman
729295,Hon.,Luke,S,Tumlin,M,luke.tumlin@shell.com,Bryon Tumlin,Aura Tumlin
724911,Ms.,Hannah,K,Ma,F,hannah.ma@aol.com,Miles Ma,Ethel Ma
646864,Hon.,Celinda,C,Magruder,F,celinda.magruder@microsoft.com,Horace Magruder,Mazie Magruder
210160,Mr.,Arturo,N,Halvorsen,M,arturo.halvorsen@hotmail.com,Howard Halvorsen,Tawana Halvorsen
143915,Ms.,Tiny,Z,Oliveri,F,tiny.oliveri@hotmail.com,Francesco Oliveri,Aletha Oliveri
416164,Mrs.,Kerri,Y,Card,F,kerri.card@gmail.com,Rolando Card,Brianna Card
878875,Mr.,Young,W,Funes,M,young.funes@verizon.net,Leigh Funes,Lera Funes
930143,Hon.,Neomi,P,Pitchford,F,neomi.pitchford@gmail.com,Clair Pitchford,Mitzi Pitchford
180364,Prof.,Ivan,A,Groner,M,ivan.groner@yahoo.com,Freddie Groner,Birgit Groner
162069,Hon.,Etsuko,O,Wilmot,F,etsuko.wilmot@hotmail.com,Garry Wilmot,Janeth Wilmot
519852,Dr.,William,B,Mcnerney,M,william.mcnerney@gmail.com,Hilario Mcnerney,Nery Mcnerney
260033,Mr.,Logan,D,Berryman,M,logan.berryman@verizon.net,Elmo Berryman,Kylie Berryman
543341,Mr.,Houston,K,Joe,M,houston.joe@gmail.com,Elliot Joe,Aurore Joe
681861,Mr.,Coy,I,Gentner,M,coy.gentner@shaw.ca,Faustino Gentner,Loura Gentner
578747,Mr.,Jimmie,F,Vasquez,M,jimmie.vasquez@bellsouth.net,Randolph Vasquez,Ulrike Vasquez
784086,Mr.,Tommie,S,Fargo,M,tommie.fargo@charter.net,Melvin Fargo,Stefanie Fargo
646746,Mrs.,Daina,U,Ledet,F,daina.ledet@hotmail.com,Dean Ledet,Myrta Ledet
900510,Mrs.,Sophia,F,Knecht,F,sophia.knecht@gmail.com,Rodrigo Knecht,Dorthea Knecht
336213,Mr.,Newton,V,Scalia,M,newton.scalia@yahoo.com,Alberto Scalia,Shonta Scalia
493676,Ms.,Reatha,E,Osby,F,reatha.osby@aol.com,Adam Osby,Nancee Osby
349790,Mrs.,Bell,N,Molinaro,F,bell.molinaro@apple.com,Gale Molinaro,Clarita Molinaro
184822,Hon.,Jason,V,Gravois,M,jason.gravois@yahoo.co.in,Johnnie Gravois,Candyce Gravois
414049,Dr.,Elwood,T,More,M,elwood.more@aol.com,Melvin More,Toni More
467850,Mr.,Lewis,M,Racette,M,lewis.racette@gmail.com,Donovan Racette,Talitha Racette
915333,Mr.,Leigh,Y,Haws,M,leigh.haws@gmail.com,Shad Haws,Cristie Haws
801779,Mr.,Thomas,B,Felipe,M,thomas.felipe@outlook.com,Mario Felipe,Cleo Felipe
733533,Mr.,Israel,T,Hertzler,M,israel.hertzler@gmail.com,Clifford Hertzler,Joycelyn Hertzler
331662,Ms.,Ona,K,Koepp,F,ona.koepp@charter.net,Brenton Koepp,Giuseppina Koepp
857100,Prof.,Kristofer,N,Calahan,M,kristofer.calahan@apple.com,Vern Calahan,Renae Calahan
821314,Hon.,Mark,F,Hamman,M,mark.hamman@btinternet.com,Willis Hamman,Leila Hamman
473757,Mr.,Bobbie,Q,Holbrook,M,bobbie.holbrook@hotmail.com,Leon Holbrook,Charles Holbrook
158951,Mr.,Abe,X,Paro,M,abe.paro@gmail.com,Richie Paro,Bao Paro
898018,Mrs.,Mignon,Q,Dills,F,mignon.dills@yahoo.com,Gus Dills,Evan Dills
574644,Hon.,Casey,D,Krier,M,casey.krier@bp.com,Long Krier,Regan Krier
918845,Mrs.,Scott,K,Ricco,F,scott.ricco@aol.com,Malcom Ricco,Eleni Ricco
819564,Ms.,Rosemarie,K,Fellows,F,rosemarie.fellows@yahoo.com,Gail Fellows,Pandora Fellows
261884,Ms.,Lisette,F,Cowley,F,lisette.cowley@aol.com,Joel Cowley,Ollie Cowley
445938,Ms.,Molly,U,Rasch,F,molly.rasch@aol.com,Dale Rasch,Lore Rasch
527402,Ms.,Felisha,Q,Ettinger,F,felisha.ettinger@walmart.com,Cristobal Ettinger,Elizbeth Ettinger
993241,Mr.,Linwood,H,Carter,M,linwood.carter@gmail.com,Wyatt Carter,Pauletta Carter
298360,Ms.,Madelyn,W,Boos,F,madelyn.boos@walmart.com,Shannon Boos,Harriette Boos
663983,Mr.,Angelo,B,Fitzmaurice,M,angelo.fitzmaurice@yahoo.ca,Ed Fitzmaurice,Clarice Fitzmaurice
890845,Ms.,Gregory,I,Kidwell,F,gregory.kidwell@msn.com,Buford Kidwell,Mandi Kidwell
627955,Mr.,Bart,B,Gilcrease,M,bart.gilcrease@hotmail.com,Aurelio Gilcrease,Evelyn Gilcrease
330201,Mr.,Warner,I,Manly,M,warner.manly@microsoft.com,Dirk Manly,Michelle Manly
427183,Ms.,Lala,R,Denman,F,lala.denman@gmail.com,Johnson Denman,Glinda Denman
469516,Mrs.,Elsie,S,Depaz,F,elsie.depaz@microsoft.com,Jesus Depaz,Tammie Depaz
176015,Ms.,Verla,H,Contreras,F,verla.contreras@bp.com,Carson Contreras,Dessie Contreras
833807,Hon.,America,V,Lobel,F,america.lobel@yahoo.com,Augustine Lobel,Janae Lobel
806341,Ms.,Walter,R,Seddon,F,walter.seddon@gmail.com,Ignacio Seddon,Jeannie Seddon
995455,Mr.,Margarito,M,Oxendine,M,margarito.oxendine@sbcglobal.net,Charles Oxendine,Marianna Oxendine
941296,Hon.,Arnoldo,D,Mckeen,M,arnoldo.mckeen@yahoo.com,Bert Mckeen,Kum Mckeen
619778,Prof.,Kieth,D,Castelli,M,kieth.castelli@gmail.com,Hector Castelli,Abigail Castelli
758540,Drs.,Ngoc,P,Pogue,F,ngoc.pogue@hotmail.com,Lavern Pogue,Magali Pogue
764074,Mrs.,Delana,I,Selfridge,F,delana.selfridge@gmail.com,Nathaniel Selfridge,Marita Selfridge
315345,Hon.,Liane,U,Grafton,F,liane.grafton@yahoo.co.in,Sid Grafton,Lucile Grafton
457917,Ms.,Vikki,N,Lezama,F,vikki.lezama@aol.com,Lupe Lezama,Thu Lezama
474374,Ms.,Allyn,O,Farrior,F,allyn.farrior@verizon.net,Jamel Farrior,Rosalinda Farrior
592483,Hon.,Glady,Q,Kump,F,glady.kump@shell.com,Freddy Kump,Jennie Kump
569050,Mr.,Oscar,R,Bovee,M,oscar.bovee@yahoo.com,Lemuel Bovee,Mariela Bovee
702228,Ms.,Valene,Z,Woodmansee,F,valene.woodmansee@gmail.com,Maurice Woodmansee,Piedad Woodmansee
502942,Mr.,Richard,C,Truman,M,richard.truman@gmail.com,Riley Truman,Audie Truman
222273,Mr.,Luigi,G,Lembo,M,luigi.lembo@aol.com,Abe Lembo,Contessa Lembo
977638,Mr.,Isaiah,G,Parrish,M,isaiah.parrish@shaw.ca,Arron Parrish,Jolene Parrish
915917,Mr.,Scott,D,Torrey,M,scott.torrey@gmail.com,Walker Torrey,Tomika Torrey
210184,Ms.,Shirl,M,Caraballo,F,shirl.caraballo@hotmail.com,Abe Caraballo,Pia Caraballo
277849,Mr.,Robin,Z,Stewart,M,robin.stewart@yahoo.com,Claude Stewart,Elenor Stewart
834567,Mrs.,Shasta,P,Depuy,F,shasta.depuy@yahoo.com,Fletcher Depuy,Daryl Depuy
607500,Mr.,Jorge,R,Coghlan,M,jorge.coghlan@gmail.com,Bo Coghlan,Janae Coghlan
903880,Dr.,Myles,G,Strum,M,myles.strum@yahoo.co.uk,Mario Strum,Anissa Strum
891424,Hon.,Herlinda,U,Negron,F,herlinda.negron@yahoo.com,Kevin Negron,Verda Negron
909856,Drs.,Debbie,C,Lipsey,F,debbie.lipsey@gmail.com,Hiram Lipsey,Kasi Lipsey
189143,Ms.,Jenell,S,Sauers,F,jenell.sauers@earthlink.net,August Sauers,Yuk Sauers
291982,Mrs.,Leda,Y,Fabre,F,leda.fabre@gmail.com,Horace Fabre,Billie Fabre
550251,Mr.,Edmundo,R,Rew,M,edmundo.rew@aol.com,Lindsay Rew,Nada Rew
686197,Mr.,Gerry,D,Woolery,M,gerry.woolery@aol.com,Willy Woolery,Eva Woolery
379431,Mrs.,Berna,Z,Stoller,F,berna.stoller@bp.com,Donte Stoller,Lelia Stoller
496508,Mr.,Adam,B,Katzer,M,adam.katzer@charter.net,Lorenzo Katzer,Reita Katzer
499391,Ms.,Kellee,L,Gravelle,F,kellee.gravelle@yahoo.com,Cornell Gravelle,Cherri Gravelle
261737,Ms.,Shavon,K,Wescott,F,shavon.wescott@gmail.com,Don Wescott,Jacelyn Wescott
939487,Hon.,Rozanne,N,Mielke,F,rozanne.mielke@aol.com,Raphael Mielke,Winona Mielke
289646,Hon.,Randee,O,Cassity,F,randee.cassity@gmail.com,Roberto Cassity,Ola Cassity
477831,Ms.,Shemika,D,Porterfield,F,shemika.porterfield@gmail.com,Ty Porterfield,Elina Porterfield
697293,Hon.,Donte,H,Granger,M,donte.granger@charter.net,Earnest Granger,Melony Granger
520190,Mr.,Ahmed,I,Strope,M,ahmed.strope@yahoo.com,Wiley Strope,Briana Strope
885427,Mr.,Boris,A,Mccown,M,boris.mccown@aol.com,Gus Mccown,Bambi Mccown
899038,Prof.,Omer,H,Moultrie,M,omer.moultrie@bellsouth.net,Jerrold Moultrie,Earlene Moultrie
141356,Mr.,Hiram,K,Stokely,M,hiram.stokely@aol.com,Dillon Stokely,Marline Stokely
287176,Ms.,Deanna,P,Scoggin,F,deanna.scoggin@microsoft.com,Sheldon Scoggin,Vonnie Scoggin
398055,Mrs.,Maris,S,Briggs,F,maris.briggs@hotmail.com,Freddy Briggs,Miesha Briggs
809288,Ms.,Lona,T,Collar,F,lona.collar@charter.net,Rolf Collar,Randy Collar
843981,Mr.,Eldridge,M,Benningfield,M,eldridge.benningfield@yahoo.com,Chong Benningfield,Hassie Benningfield
656949,Mr.,Jimmie,A,Rorie,M,jimmie.rorie@hotmail.com,Cyril Rorie,Patria Rorie
966906,Hon.,Rachelle,M,Burkhead,F,rachelle.burkhead@gmail.com,Roscoe Burkhead,Jovita Burkhead
512674,Mr.,Miguel,P,Karp,M,miguel.karp@aol.com,Hong Karp,Jeanice Karp
392896,Ms.,Raye,T,Willmon,F,raye.willmon@gmail.com,Maynard Willmon,Thresa Willmon
921880,Ms.,Christi,H,Amaker,F,christi.amaker@walmart.com,Solomon Amaker,Sherron Amaker
992643,Ms.,Liberty,A,Shroyer,F,liberty.shroyer@hotmail.com,Herman Shroyer,Annalisa Shroyer
862764,Mr.,Zack,H,Mumaw,M,zack.mumaw@btinternet.com,Taylor Mumaw,Fernanda Mumaw
949613,Drs.,Blanch,Y,Mysliwiec,F,blanch.mysliwiec@gmail.com,Gus Mysliwiec,Loris Mysliwiec
875209,Ms.,Tammy,Z,Lorentz,F,tammy.lorentz@yahoo.com,Shirley Lorentz,Elicia Lorentz
928878,Ms.,Maximina,K,Frates,F,maximina.frates@btinternet.com,Ethan Frates,Joetta Frates
998719,Ms.,Kiara,G,Abrahamson,F,kiara.abrahamson@hotmail.com,Lloyd Abrahamson,Lorine Abrahamson
929985,Drs.,Retha,G,Nealy,F,retha.nealy@gmail.com,Elias Nealy,Kymberly Nealy
880490,Mr.,Andre,Q,Maxon,M,andre.maxon@yahoo.com,Douglass Maxon,Sari Maxon
407177,Mr.,Vern,T,Lomeli,M,vern.lomeli@comcast.net,Royal Lomeli,Florrie Lomeli
748067,Mr.,Erin,K,Stclair,M,erin.stclair@gmail.com,Wade Stclair,Deanne Stclair
240317,Ms.,Detra,D,Rymer,F,detra.rymer@btinternet.com,Sean Rymer,Saundra Rymer
385475,Mr.,Doug,B,Southwick,M,doug.southwick@outlook.com,Prince Southwick,Lane Southwick
917611,Hon.,Gia,M,Casas,F,gia.casas@btinternet.com,Olen Casas,Dorothy Casas
585038,Ms.,Emeline,I,Richer,F,emeline.richer@apple.com,Alec Richer,Birdie Richer
402364,Mr.,Richard,J,Fetter,M,richard.fetter@gmail.com,Christoper Fetter,Caroline Fetter
213788,Dr.,Rick,Y,Haefner,M,rick.haefner@ibm.com,Porfirio Haefner,Erin Haefner
711536,Ms.,Shannon,J,Force,F,shannon.force@gmail.com,Grady Force,Adele Force
922230,Mrs.,Gabriel,E,Pearsall,F,gabriel.pearsall@gmail.com,Sam Pearsall,Ines Pearsall
456111,Ms.,Geri,M,Tuthill,F,geri.tuthill@outlook.com,Charley Tuthill,Trudie Tuthill
634362,Mr.,Lauren,R,Hennessy,M,lauren.hennessy@aol.com,Phil Hennessy,Cathleen Hennessy
593261,Prof.,Monty,C,Hughes,M,monty.hughes@gmail.com,Merrill Hughes,Lan Hughes
735607,Dr.,Bryant,L,Kinsman,M,bryant.kinsman@yahoo.com,Jamey Kinsman,Emma Kinsman
195882,Mrs.,Giovanna,M,Clift,F,giovanna.clift@yahoo.com,Claude Clift,Georgann Clift
542000,Drs.,Tracie,J,Winebarger,F,tracie.winebarger@aol.com,Deon Winebarger,Kaye Winebarger
156154,Ms.,Narcisa,C,Rayburn,F,narcisa.rayburn@yahoo.co.in,Dong Rayburn,Na Rayburn
856172,Ms.,Almeda,M,Dunford,F,almeda.dunford@yahoo.com,Andrew Dunford,Nedra Dunford
962011,Ms.,Melida,R,Corle,F,melida.corle@hotmail.com,Palmer Corle,Lynetta Corle
415705,Mr.,Armando,H,Seaborn,M,armando.seaborn@aol.com,Jame Seaborn,Celine Seaborn
463205,Prof.,Efrain,L,Wass,M,efrain.wass@yahoo.ca,Adam Wass,Leisa Wass
372735,Ms.,Edra,M,Guthrie,F,edra.guthrie@gmail.com,Cornell Guthrie,Suzy Guthrie
432502,Prof.,Harland,S,Renshaw,M,harland.renshaw@hotmail.co.uk,Gil Renshaw,Stephenie Renshaw
165907,Hon.,Leroy,H,Styron,M,leroy.styron@gmail.com,Clair Styron,Renae Styron
727576,Mrs.,Maryln,H,Springfield,F,maryln.springfield@gmail.com,Donn Springfield,Nana Springfield
368035,Mrs.,Elenora,S,Whitehill,F,elenora.whitehill@aol.com,Tanner Whitehill,Filomena Whitehill
970258,Ms.,Izola,E,Ye,F,izola.ye@yahoo.co.in,Oscar Ye,Annie Ye
759454,Ms.,Dorethea,U,Engram,F,dorethea.engram@gmail.com,Bryce Engram,Almeta Engram
548712,Mr.,Anibal,F,Pieper,M,anibal.pieper@exxonmobil.com,David Pieper,Lynn Pieper
765953,Ms.,Ula,W,Hartl,F,ula.hartl@hotmail.co.uk,Johnny Hartl,Guadalupe Hartl
414742,Ms.,Latanya,C,Law,F,latanya.law@btinternet.com,Toby Law,Leanora Law
733512,Prof.,Brent,U,Perlman,M,brent.perlman@aol.com,Jerold Perlman,Sherley Perlman
592902,Ms.,Eveline,B,Strecker,F,eveline.strecker@outlook.com,Timothy Strecker,Ione Strecker
956518,Ms.,Keila,A,Lucas,F,keila.lucas@gmail.com,Lemuel Lucas,Neta Lucas
873647,Hon.,Aliza,X,Sammons,F,aliza.sammons@ibm.com,Rodney Sammons,Louis Sammons
931667,Prof.,Bennie,E,Manfredi,M,bennie.manfredi@hotmail.co.uk,Jerrell Manfredi,Thomas Manfredi
829383,Drs.,Lucinda,Z,Borton,F,lucinda.borton@yahoo.com,Morgan Borton,Sharell Borton
643125,Mrs.,Keila,F,Lofland,F,keila.lofland@bellsouth.net,Garry Lofland,Felicia Lofland
847895,Ms.,Royce,K,Goodwyn,F,royce.goodwyn@aol.com,Edgardo Goodwyn,Cathi Goodwyn
573375,Mr.,Rickey,I,Delk,M,rickey.delk@yahoo.ca,Mauricio Delk,Loyce Delk
766456,Ms.,Delsie,R,Tennison,F,delsie.tennison@gmail.com,Thaddeus Tennison,Jimmy Tennison
911984,Ms.,Jayme,B,Shimer,F,jayme.shimer@rediffmail.com,Dwayne Shimer,Genia Shimer
912194,Mr.,Gilbert,M,Wolfgram,M,gilbert.wolfgram@verizon.net,Nicky Wolfgram,Isa Wolfgram
656736,Mrs.,Isabella,X,Russell,F,isabella.russell@yahoo.co.uk,Cameron Russell,Noreen Russell
798707,Mr.,Rueben,X,Pidgeon,M,rueben.pidgeon@yahoo.ca,Lino Pidgeon,Serafina Pidgeon
190450,Mr.,Raymond,U,Flavin,M,raymond.flavin@gmail.com,Ramon Flavin,Dorinda Flavin
728924,Mr.,Larry,K,Mash,M,larry.mash@shell.com,Brendan Mash,Susy Mash
472387,Mrs.,Nicolle,A,Crothers,F,nicolle.crothers@aol.com,Ryan Crothers,Kacey Crothers
220894,Mr.,Gustavo,F,Rouse,M,gustavo.rouse@gmail.com,Leonardo Rouse,Dennise Rouse
205355,Mrs.,Victoria,H,Musson,F,victoria.musson@gmail.com,Lynwood Musson,Iraida Musson
728696,Ms.,Dawne,Y,Gardner,F,dawne.gardner@hotmail.com,Sanford Gardner,Suzanne Gardner
561832,Mr.,Newton,L,Cromartie,M,newton.cromartie@cox.net,Aron Cromartie,Jeane Cromartie
797395,Ms.,Doria,Z,Crouse,F,doria.crouse@microsoft.com,Sergio Crouse,Marvis Crouse
608014,Mr.,Gerry,X,Koh,M,gerry.koh@hotmail.com,Josef Koh,Tawana Koh
457569,Ms.,Audrea,K,Papineau,F,audrea.papineau@hotmail.com,Amos Papineau,Dong Papineau
564665,Mr.,Rhett,H,Goode,M,rhett.goode@gmail.com,Lucas Goode,Hermina Goode
776094,Mr.,Royal,U,Okeefe,M,royal.okeefe@btinternet.com,Brian Okeefe,Neomi Okeefe
932551,Prof.,Keith,Q,Ofarrell,M,keith.ofarrell@apple.com,Anibal Ofarrell,Alysia Ofarrell
702058,Hon.,Exie,C,Bradham,F,exie.bradham@btinternet.com,Dan Bradham,Josette Bradham
843569,Mr.,George,U,Clouser,M,george.clouser@hotmail.com,Murray Clouser,Crystle Clouser
680048,Hon.,Benny,S,Brinker,M,benny.brinker@gmail.com,Reyes Brinker,Juliette Brinker
998682,Prof.,Forrest,Q,Zell,M,forrest.zell@gmail.com,Boris Zell,Heidi Zell
503014,Ms.,Audrie,X,Mccammon,F,audrie.mccammon@yahoo.com,Theo Mccammon,Denice Mccammon
775987,Hon.,Marylyn,K,Ditto,F,marylyn.ditto@walmart.com,Eric Ditto,Thanh Ditto
432490,Ms.,Kori,J,Fairfax,F,kori.fairfax@msn.com,Jules Fairfax,Dominica Fairfax
647824,Prof.,Lamar,W,Estill,M,lamar.estill@aol.com,Edgardo Estill,Amada Estill
613964,Mr.,Giuseppe,D,Chouinard,M,giuseppe.chouinard@hotmail.com,Art Chouinard,Freddie Chouinard
823562,Mrs.,Khalilah,A,Campo,F,khalilah.campo@aol.com,Lawrence Campo,Sherell Campo
259601,Hon.,Darcel,P,Burford,F,darcel.burford@outlook.com,Tim Burford,Tu Burford
590318,Mr.,August,C,Navarette,M,august.navarette@yahoo.com,Francis Navarette,Jeana Navarette
959442,Hon.,Lanelle,W,Berlanga,F,lanelle.berlanga@shaw.ca,Pat Berlanga,Vikki Berlanga
379359,Ms.,Allene,T,Lepe,F,allene.lepe@aol.com,Asa Lepe,Jaunita Lepe
926628,Mrs.,Eladia,A,Braggs,F,eladia.braggs@sbcglobal.net,Jere Braggs,Mariam Braggs
808206,Ms.,Agnes,D,Doud,F,agnes.doud@shaw.ca,Carl Doud,Linda Doud
982210,Hon.,Carlo,B,Ali,M,carlo.ali@walmart.com,Jesse Ali,Chanell Ali
281758,Prof.,Emery,P,Sorrells,M,emery.sorrells@gmail.com,Noble Sorrells,Bethel Sorrells
640654,Ms.,Violet,L,Ertel,F,violet.ertel@aol.com,Rodger Ertel,Lecia Ertel
958009,Ms.,Deeanna,E,Cluck,F,deeanna.cluck@aol.com,Coy Cluck,Julienne Cluck
212704,Dr.,Morgan,K,Rathbun,M,morgan.rathbun@aol.com,Josue Rathbun,Kelsi Rathbun
217228,Mr.,Julius,Q,Stock,M,julius.stock@yahoo.com,Kristopher Stock,Lilliam Stock
175607,Dr.,Palmer,O,Beamer,M,palmer.beamer@ibm.com,Gale Beamer,Cherryl Beamer
995728,Mr.,Vincent,N,Lennon,M,vincent.lennon@hotmail.com,Fernando Lennon,Cinderella Lennon
838479,Mr.,Alexis,D,Bonelli,M,alexis.bonelli@gmail.com,Brock Bonelli,Akiko Bonelli
789773,Mrs.,Claretta,D,Wingert,F,claretta.wingert@aol.com,Damian Wingert,Malia Wingert
219475,Mrs.,Cecily,D,Houser,F,cecily.houser@ibm.com,Jewel Houser,Isobel Houser
246287,Mr.,Horacio,S,Salazar,M,horacio.salazar@hotmail.com,Boyce Salazar,Lawrence Salazar
718096,Hon.,Adelle,E,Brunner,F,adelle.brunner@bellsouth.net,Brenton Brunner,Chante Brunner
479264,Drs.,Janessa,M,Drennen,F,janessa.drennen@hotmail.com,Duncan Drennen,Robbin Drennen
721530,Ms.,Ewa,B,Staples,F,ewa.staples@aol.com,Elias Staples,Patrice Staples
250756,Ms.,Holley,M,Cathcart,F,holley.cathcart@hotmail.com,Claudio Cathcart,Austin Cathcart
839456,Dr.,Tim,N,Schueller,M,tim.schueller@hotmail.com,Guillermo Schueller,Modesta Schueller
821998,Ms.,Therese,Q,Belden,F,therese.belden@ibm.com,Demetrius Belden,Marya Belden
461775,Mrs.,Susann,A,Faucett,F,susann.faucett@gmail.com,Amado Faucett,Stacey Faucett
724683,Hon.,Bryan,J,Stampley,M,bryan.stampley@aol.com,Jamey Stampley,Yuri Stampley
555913,Mrs.,Larisa,X,Strauss,F,larisa.strauss@gmail.com,Toney Strauss,Ozie Strauss
257916,Ms.,Adriana,O,Medved,F,adriana.medved@gmail.com,Rashad Medved,Debra Medved
398163,Mr.,Rick,E,Armenta,M,rick.armenta@gmail.com,Lynn Armenta,Mertie Armenta
183097,Mr.,Garland,J,Verville,M,garland.verville@gmail.com,Josef Verville,Ladawn Verville
155714,Ms.,Ettie,S,Stilwell,F,ettie.stilwell@rediffmail.com,Lyle Stilwell,Kaleigh Stilwell
644493,Hon.,Ronnie,G,Gumbs,M,ronnie.gumbs@aol.com,Trenton Gumbs,Kerry Gumbs
124932,Mr.,Shirley,H,Mettler,M,shirley.mettler@hotmail.com,Hong Mettler,Toccara Mettler
343283,Prof.,Ahmed,V,Lease,M,ahmed.lease@yahoo.com,Brian Lease,Katharina Lease
987004,Mr.,Albert,Z,Dunford,M,albert.dunford@yahoo.com,Jonah Dunford,Laurena Dunford
659519,Ms.,Erin,L,Jasmin,F,erin.jasmin@yahoo.co.in,George Jasmin,Elenora Jasmin
775384,Dr.,Raphael,W,Kellner,M,raphael.kellner@gmail.com,Israel Kellner,Danille Kellner
972006,Ms.,Man,W,Bean,F,man.bean@aol.com,Buck Bean,Nelly Bean
471714,Mrs.,Nikia,Z,Thrasher,F,nikia.thrasher@gmail.com,Marquis Thrasher,Leonila Thrasher
981650,Mr.,Cedrick,M,Cordle,M,cedrick.cordle@hotmail.com,Landon Cordle,Kyung Cordle
146882,Prof.,Chi,S,Clopton,M,chi.clopton@aol.com,Lloyd Clopton,Berry Clopton
288286,Mr.,Carl,M,Paddock,M,carl.paddock@gmail.com,Del Paddock,Misti Paddock
675000,Mr.,Nestor,T,Ventura,M,nestor.ventura@gmail.com,Edwin Ventura,Cary Ventura
804300,Mr.,Salvatore,J,Lindell,M,salvatore.lindell@hotmail.com,Andrea Lindell,Chelsie Lindell
492517,Mr.,Phil,T,Urena,M,phil.urena@microsoft.com,Douglass Urena,Rivka Urena
921735,Mr.,Buford,Q,Giancola,M,buford.giancola@gmail.com,Luigi Giancola,Talia Giancola
208029,Mr.,Garland,Z,Leavell,M,garland.leavell@aol.com,Josue Leavell,Hallie Leavell
793973,Ms.,Fe,A,Schrock,F,fe.schrock@yahoo.co.uk,Hans Schrock,Necole Schrock
535001,Mr.,Dustin,Y,Espey,M,dustin.espey@ntlworld.com,Archie Espey,Tiffanie Espey
982000,Ms.,Tinisha,V,Vince,F,tinisha.vince@hotmail.com,Freddie Vince,Celestina Vince
575194,Ms.,Isis,F,Hash,F,isis.hash@aol.com,Willie Hash,Fernande Hash
937484,Prof.,Hai,Y,Arden,M,hai.arden@gmail.com,Dewitt Arden,Temika Arden
147218,Mr.,Gerardo,Q,Bergen,M,gerardo.bergen@comcast.net,Marco Bergen,Katharyn Bergen
461539,Hon.,Jewel,R,Willhite,M,jewel.willhite@gmail.com,Timothy Willhite,Anjelica Willhite
299121,Mr.,Jesus,E,Mclelland,M,jesus.mclelland@yahoo.co.uk,Carroll Mclelland,Anastasia Mclelland
389186,Ms.,Dortha,Z,Harty,F,dortha.harty@gmail.com,Tuan Harty,Shenna Harty
810558,Mr.,Pete,B,Donnelly,M,pete.donnelly@aol.com,Nicky Donnelly,Kathey Donnelly
749512,Mrs.,Kristen,A,Beauchemin,F,kristen.beauchemin@walmart.com,Elias Beauchemin,Jina Beauchemin
823438,Ms.,Celesta,L,Reeser,F,celesta.reeser@gmail.com,Valentine Reeser,Queen Reeser
207075,Mrs.,Desiree,L,Sobel,F,desiree.sobel@gmail.com,Dallas Sobel,Margene Sobel
962143,Ms.,Izetta,B,Alford,F,izetta.alford@outlook.com,Leon Alford,Daniele Alford
812337,Mrs.,Hermila,X,Crosslin,F,hermila.crosslin@earthlink.net,Jude Crosslin,Conception Crosslin
193340,Mr.,Tommy,I,Meadows,M,tommy.meadows@gmail.com,Paris Meadows,Mistie Meadows
977794,Mr.,Cordell,M,Tweedy,M,cordell.tweedy@bp.com,Jordan Tweedy,Ashely Tweedy
453154,Ms.,Bernarda,E,Gervais,F,bernarda.gervais@shell.com,Kieth Gervais,Susana Gervais
707577,Mr.,Raymon,I,Chavarria,M,raymon.chavarria@bellsouth.net,Hoyt Chavarria,Josefina Chavarria
291694,Ms.,Audrea,B,Prather,F,audrea.prather@gmail.com,Lyle Prather,Beaulah Prather
663854,Drs.,Isis,N,Rufus,F,isis.rufus@gmail.com,Shayne Rufus,Adelia Rufus
784948,Ms.,Lucienne,U,Clyne,F,lucienne.clyne@earthlink.net,Jewell Clyne,Dorotha Clyne
875606,Mr.,Jasper,P,Barnaby,M,jasper.barnaby@hotmail.com,Emilio Barnaby,Myrtis Barnaby
964038,Mr.,Walter,B,Mcmorrow,M,walter.mcmorrow@aol.com,Ollie Mcmorrow,Jacquelyn Mcmorrow
673078,Ms.,Shasta,F,Bay,F,shasta.bay@ibm.com,Eduardo Bay,Claretta Bay
234055,Mr.,Darren,U,Shoulders,M,darren.shoulders@hotmail.com,Patricia Shoulders,Tressie Shoulders
764613,Ms.,Nicola,S,Bellis,F,nicola.bellis@gmail.com,Louis Bellis,Donnette Bellis
588033,Mr.,Thurman,T,Caceres,M,thurman.caceres@aol.com,Bruce Caceres,Kenia Caceres
594714,Hon.,Allen,L,Vachon,F,allen.vachon@bellsouth.net,Wilbert Vachon,Deneen Vachon
754956,Ms.,Yung,G,Booher,F,yung.booher@yahoo.com,Les Booher,Babara Booher
344487,Mrs.,Emiko,Z,Lolley,F,emiko.lolley@gmail.com,Scottie Lolley,Carlota Lolley
420677,Ms.,Dian,I,Peachey,F,dian.peachey@shaw.ca,Benito Peachey,Deedee Peachey
268875,Mrs.,Carmen,U,Benbow,F,carmen.benbow@hotmail.com,Sylvester Benbow,Lizzie Benbow
882863,Mrs.,Kimberly,K,Carr,F,kimberly.carr@btinternet.com,Troy Carr,Miguelina Carr
954041,Mr.,Damian,F,Mcgaughey,M,damian.mcgaughey@ntlworld.com,Emilio Mcgaughey,Eusebia Mcgaughey
278863,Mr.,Jeff,W,Zacarias,M,jeff.zacarias@hotmail.com,Nolan Zacarias,Nadene Zacarias
300435,Mrs.,Vernell,X,Amado,F,vernell.amado@aol.com,Mohammed Amado,Marlys Amado
414269,Mrs.,Nadia,B,Rosner,F,nadia.rosner@gmail.com,Kenny Rosner,Emerita Rosner
148234,Mr.,Elijah,P,Elkin,M,elijah.elkin@comcast.net,Benedict Elkin,Jimmie Elkin
664384,Dr.,Kirby,W,Estrella,M,kirby.estrella@gmail.com,Gaston Estrella,Nickie Estrella
128466,Mr.,Bernie,M,Kish,M,bernie.kish@gmail.com,Delmar Kish,Trisha Kish
865288,Mr.,Judson,Y,Hodson,M,judson.hodson@gmail.com,Morris Hodson,Josefina Hodson
989837,Ms.,Carey,N,Mccready,F,carey.mccready@hotmail.com,Jeffery Mccready,Wanetta Mccready
666702,Mr.,Shayne,T,Claytor,M,shayne.claytor@yahoo.co.in,Rashad Claytor,Karey Claytor
762354,Ms.,Ashlie,G,Cadena,F,ashlie.cadena@aol.com,Jarvis Cadena,Jimmy Cadena
818875,Mr.,Noah,O,Love,M,noah.love@earthlink.net,Keven Love,Bao Love
229989,Ms.,Lashaunda,Y,Munden,F,lashaunda.munden@aol.com,Dorian Munden,Jeanine Munden
532399,Prof.,Colin,V,Likens,M,colin.likens@hotmail.com,Kyle Likens,Johnie Likens
629021,Drs.,Kylie,K,Freda,F,kylie.freda@sbcglobal.net,Scotty Freda,Wendy Freda
383155,Ms.,Krishna,G,Raby,F,krishna.raby@gmail.com,Basil Raby,Maida Raby
710976,Ms.,Launa,N,Kohl,F,launa.kohl@outlook.com,Vern Kohl,Madaline Kohl
901287,Dr.,Trent,J,Lockman,M,trent.lockman@aol.com,Elisha Lockman,Jacquelyn Lockman
531254,Ms.,Alisha,D,Coppock,F,alisha.coppock@gmail.com,Freeman Coppock,Minta Coppock
538652,Mr.,Richie,I,Weisz,M,richie.weisz@hotmail.com,Clay Weisz,Iva Weisz
880117,Ms.,Leticia,V,Lewandowski,F,leticia.lewandowski@btinternet.com,Emerson Lewandowski,Iola Lewandowski
486962,Ms.,Elaine,B,Randazzo,F,elaine.randazzo@gmail.com,Bryant Randazzo,Necole Randazzo
828265,Mr.,Jack,J,Warfel,M,jack.warfel@yahoo.com,Jonathon Warfel,Emilee Warfel
929953,Drs.,Kitty,S,Sickles,F,kitty.sickles@hotmail.com,Granville Sickles,Elidia Sickles
525879,Ms.,Bruna,R,Welke,F,bruna.welke@yahoo.com,Giuseppe Welke,Blondell Welke
201804,Mr.,Felix,S,Croker,M,felix.croker@gmail.com,Lindsey Croker,Shanika Croker
616247,Mrs.,Eartha,Z,Oceguera,F,eartha.oceguera@exxonmobil.com,Clayton Oceguera,Myrta Oceguera
546259,Hon.,Laurena,P,Caston,F,laurena.caston@gmail.com,Issac Caston,Nikole Caston
513983,Ms.,Beatrice,A,Knopf,F,beatrice.knopf@aol.com,Chadwick Knopf,Kirstie Knopf
393091,Ms.,Zoila,X,Nair,F,zoila.nair@hotmail.com,Kory Nair,Shari Nair
686703,Mr.,Jae,B,Isabell,M,jae.isabell@aol.com,Hung Isabell,Mariana Isabell
401948,Prof.,Donald,P,Phaneuf,M,donald.phaneuf@rediffmail.com,Will Phaneuf,Yasuko Phaneuf
967965,Mr.,Tyrell,R,Bramlett,M,tyrell.bramlett@hotmail.com,Pablo Bramlett,Kylie Bramlett
967993,Drs.,Ela,K,Hames,F,ela.hames@exxonmobil.com,Damon Hames,Cindie Hames
484783,Mr.,Marlon,M,Caddell,M,marlon.caddell@gmail.com,Donnell Caddell,Helena Caddell
217127,Dr.,Nolan,V,Velazco,M,nolan.velazco@gmail.com,Milford Velazco,Debi Velazco
560840,Mrs.,Ashanti,R,Swim,F,ashanti.swim@hotmail.com,Reyes Swim,Olimpia Swim
851913,Ms.,Tamica,J,Holoman,F,tamica.holoman@exxonmobil.com,Tyrell Holoman,Earline Holoman
623171,Ms.,Marcell,T,Farias,F,marcell.farias@shell.com,Lucius Farias,Marita Farias
653742,Mr.,Abram,Q,Keffer,M,abram.keffer@gmail.com,Mohammad Keffer,Debbi Keffer
473433,Mr.,Silas,S,Pyatt,M,silas.pyatt@gmail.com,Antonia Pyatt,Masako Pyatt
335703,Mrs.,Patria,D,Riedel,F,patria.riedel@exxonmobil.com,Brett Riedel,Misti Riedel
284865,Mr.,Nicholas,B,Salcedo,M,nicholas.salcedo@gmail.com,Errol Salcedo,Kimberlee Salcedo
440580,Mr.,Brendon,E,Mone,M,brendon.mone@apple.com,Alphonse Mone,Lashawnda Mone
574941,Ms.,Velda,V,Larue,F,velda.larue@gmail.com,Russel Larue,Elizabet Larue
978446,Mrs.,Sharita,Y,Lombardi,F,sharita.lombardi@bellsouth.net,Valentin Lombardi,Ollie Lombardi
181506,Mr.,Virgil,R,Yuen,M,virgil.yuen@aol.com,Thomas Yuen,Cara Yuen
831602,Ms.,Delfina,O,Day,F,delfina.day@microsoft.com,Roosevelt Day,Richard Day
270148,Ms.,Haley,G,Bova,F,haley.bova@ibm.com,Lou Bova,Valorie Bova
399119,Ms.,Margarite,E,Blalock,F,margarite.blalock@hotmail.com,Gabriel Blalock,Coleen Blalock
400606,Ms.,Rina,L,Chacon,F,rina.chacon@gmail.com,Domingo Chacon,Ji Chacon
508720,Ms.,Ramonita,Z,Fincher,F,ramonita.fincher@gmail.com,Arthur Fincher,Gregoria Fincher
457762,Mr.,Lindsey,W,Whittle,M,lindsey.whittle@gmail.com,Elden Whittle,Rosette Whittle
623818,Mr.,Mauricio,U,Talty,M,mauricio.talty@gmail.com,Augustus Talty,Addie Talty
252767,Ms.,Chau,R,Barron,F,chau.barron@yahoo.ca,Terrell Barron,Gilda Barron
484574,Hon.,Lino,M,Lizarraga,M,lino.lizarraga@microsoft.com,Jeramy Lizarraga,Vivienne Lizarraga
377640,Mrs.,Fredericka,J,Varney,F,fredericka.varney@walmart.com,Antonio Varney,Nelia Varney
655202,Ms.,Aundrea,W,Lundberg,F,aundrea.lundberg@gmail.com,Wallace Lundberg,Tawny Lundberg
118901,Mr.,Son,D,Ricketts,M,son.ricketts@aol.com,Adolfo Ricketts,Mariel Ricketts
338646,Mrs.,Dorothea,J,Canterbury,F,dorothea.canterbury@btinternet.com,Rayford Canterbury,Arleen Canterbury
902446,Ms.,Zenia,D,Owings,F,zenia.owings@yahoo.com,Luther Owings,Shera Owings
819714,Mr.,Seth,N,Lipsky,M,seth.lipsky@rediffmail.com,Robin Lipsky,Dianne Lipsky
853012,Mr.,Miles,N,Light,M,miles.light@ntlworld.com,Anthony Light,Aracely Light
897813,Mr.,Tyler,N,Larkins,M,tyler.larkins@btinternet.com,Tyler Larkins,Etha Larkins
940440,Hon.,Asa,E,Kunze,M,asa.kunze@gmail.com,Dorian Kunze,Larissa Kunze
225915,Hon.,Sal,C,Heiden,M,sal.heiden@hotmail.com,Johnie Heiden,Ashlyn Heiden
740529,Mr.,Tomas,V,Krout,M,tomas.krout@gmail.com,Hans Krout,Dina Krout
916904,Mr.,Ben,N,Lamson,M,ben.lamson@hotmail.com,Lance Lamson,Allene Lamson
282691,Ms.,Myra,H,Parra,F,myra.parra@rediffmail.com,William Parra,Yen Parra
667263,Mrs.,Adele,M,Burnam,F,adele.burnam@aol.com,Rico Burnam,Alicia Burnam
678857,Drs.,Adria,M,Melendrez,F,adria.melendrez@yahoo.com,Ronny Melendrez,Brittaney Melendrez
203698,Ms.,Clemmie,F,Montague,F,clemmie.montague@gmail.com,Randy Montague,Carlita Montague
894747,Mrs.,Valarie,O,Gorecki,F,valarie.gorecki@gmail.com,Eddy Gorecki,Lady Gorecki
969331,Mrs.,Adell,W,Trower,F,adell.trower@yahoo.com,Edmundo Trower,Yessenia Trower
691272,Mr.,Eric,C,Irvine,M,eric.irvine@msn.com,Emory Irvine,Marlena Irvine
299482,Ms.,Letha,L,Apel,F,letha.apel@gmail.com,Rudy Apel,Letisha Apel
430527,Ms.,Nannie,Z,Seeman,F,nannie.seeman@exxonmobil.com,Gregorio Seeman,Adeline Seeman
448147,Ms.,Reynalda,M,Millwood,F,reynalda.millwood@yahoo.com,Taylor Millwood,Lauralee Millwood
218583,Mr.,Tanner,Y,Hollenbeck,M,tanner.hollenbeck@aol.com,Noah Hollenbeck,Camellia Hollenbeck
937385,Prof.,Amado,C,Bonet,M,amado.bonet@yahoo.com,Roger Bonet,Sean Bonet
190648,Ms.,Jeanetta,N,Norden,F,jeanetta.norden@hotmail.com,Fletcher Norden,Dede Norden
812966,Mr.,Paris,U,Leite,M,paris.leite@exxonmobil.com,Randy Leite,Camelia Leite
410801,Mr.,Alexis,Q,Grose,M,alexis.grose@aol.com,Morris Grose,Vanita Grose
278483,Mr.,Chadwick,I,Hargreaves,M,chadwick.hargreaves@gmail.com,Dewayne Hargreaves,Annabell Hargreaves
858541,Mr.,Perry,E,Huddleston,M,perry.huddleston@sbcglobal.net,King Huddleston,Jacalyn Huddleston
291273,Mr.,Hollis,Z,Carr,M,hollis.carr@bp.com,Merrill Carr,Giovanna Carr
418804,Mrs.,Kiara,T,Martinez,F,kiara.martinez@yahoo.com,Nathan Martinez,Magdalene Martinez
703475,Drs.,Brigitte,D,Fendley,F,brigitte.fendley@gmail.com,Stanley Fendley,Staci Fendley
236562,Prof.,Bobbie,P,Chumley,M,bobbie.chumley@gmail.com,Herschel Chumley,Altha Chumley
420449,Mr.,Hong,M,Townson,M,hong.townson@yahoo.com,Paris Townson,Shemika Townson
130451,Ms.,Keith,B,Macha,F,keith.macha@gmail.com,Ted Macha,Kathleen Macha
604340,Mrs.,Harriett,A,Mccurry,F,harriett.mccurry@gmail.com,Franklin Mccurry,Cheryle Mccurry
982099,Mr.,Andres,S,Garner,M,andres.garner@yahoo.com,Delmer Garner,Dana Garner
617215,Hon.,Ken,X,Weisberg,M,ken.weisberg@yahoo.ca,Prince Weisberg,Chun Weisberg
462246,Hon.,Moises,U,Hughs,M,moises.hughs@charter.net,Gregory Hughs,Colene Hughs
620457,Ms.,Sunshine,F,Earle,F,sunshine.earle@shell.com,Clark Earle,Keitha Earle
788132,Mrs.,Lavette,P,Cheney,F,lavette.cheney@charter.net,Federico Cheney,Leonora Cheney
969298,Hon.,Carmen,F,Barret,F,carmen.barret@hotmail.com,Rashad Barret,Tania Barret
317672,Ms.,Lizzie,D,Ratcliff,F,lizzie.ratcliff@comcast.net,Darwin Ratcliff,Theresa Ratcliff
319154,Mr.,Nick,Q,Packard,M,nick.packard@aol.com,Jesus Packard,Hilda Packard
563786,Mr.,Alonzo,W,Stanford,M,alonzo.stanford@gmail.com,Domenic Stanford,Barbera Stanford
804878,Mr.,Brett,Z,Vadnais,M,brett.vadnais@charter.net,Jan Vadnais,Meda Vadnais
878858,Mrs.,Madalene,J,Martine,F,madalene.martine@msn.com,Homer Martine,Whitley Martine
431822,Mr.,Charles,S,Nicholes,M,charles.nicholes@aol.com,Vince Nicholes,Devona Nicholes
392667,Dr.,Kristofer,Y,Fizer,M,kristofer.fizer@gmail.com,Hobert Fizer,Wonda Fizer
150919,Hon.,Elmo,G,Pagano,M,elmo.pagano@gmail.com,Rocco Pagano,Sun Pagano
342689,Hon.,Lindy,M,Reel,F,lindy.reel@gmail.com,Blair Reel,Coretta Reel
867803,Mr.,Dewayne,X,Groom,M,dewayne.groom@shaw.ca,Kyle Groom,Agustina Groom
157857,Drs.,Elenora,V,Halley,F,elenora.halley@msn.com,Leon Halley,Gwyn Halley
524836,Mrs.,Rosette,F,Cascio,F,rosette.cascio@yahoo.com,Amado Cascio,Gemma Cascio
434697,Ms.,Analisa,X,Birdsell,F,analisa.birdsell@microsoft.com,Ron Birdsell,Rochell Birdsell
728280,Mrs.,Jacinta,Y,Cheney,F,jacinta.cheney@gmail.com,Carmine Cheney,Lavon Cheney
389143,Mr.,Matt,D,Bramblett,M,matt.bramblett@gmail.com,Kieth Bramblett,Annamaria Bramblett
615051,Mrs.,Queenie,M,Alder,F,queenie.alder@gmail.com,Teodoro Alder,Kia Alder
700726,Mr.,Darwin,W,Lemoine,M,darwin.lemoine@shell.com,Casey Lemoine,Louella Lemoine
320165,Prof.,Erik,W,Steffen,M,erik.steffen@gmail.com,Kasey Steffen,Faustina Steffen
665787,Ms.,Ching,D,Applegate,F,ching.applegate@outlook.com,Mary Applegate,Kathey Applegate
183772,Mr.,Warren,L,Manion,M,warren.manion@ibm.com,Armand Manion,Soraya Manion
131934,Mrs.,Celestine,H,Alderson,F,celestine.alderson@gmail.com,Michael Alderson,Ada Alderson
725544,Mrs.,Tammi,S,Garret,F,tammi.garret@gmail.com,Hugh Garret,Burma Garret
908201,Mrs.,Tamesha,I,Knepper,F,tamesha.knepper@walmart.com,Percy Knepper,Maybelle Knepper
636434,Ms.,Bernardina,X,Roesch,F,bernardina.roesch@outlook.com,Lawerence Roesch,Josefine Roesch
789789,Mr.,Mariano,Y,Kyles,M,mariano.kyles@yahoo.com,Kendrick Kyles,Jinny Kyles
926675,Mrs.,Kristie,E,Jain,F,kristie.jain@gmail.com,Haywood Jain,Tenisha Jain
225163,Mr.,Jeff,E,Lucero,M,jeff.lucero@hotmail.com,Cornell Lucero,Maye Lucero
480037,Ms.,Leanna,X,Tibbetts,F,leanna.tibbetts@hotmail.com,Renato Tibbetts,Maricela Tibbetts
986628,Ms.,Robbie,N,Heckman,F,robbie.heckman@charter.net,Lorenzo Heckman,Travis Heckman
486548,Mr.,Raymon,S,Arney,M,raymon.arney@gmail.com,Jordon Arney,Fidela Arney
427707,Mr.,Sergio,X,Devereaux,M,sergio.devereaux@gmail.com,Hung Devereaux,Mao Devereaux
781474,Hon.,Bobbie,A,Reser,M,bobbie.reser@microsoft.com,Ernest Reser,Kaycee Reser
243991,Mrs.,Drew,O,Livingston,F,drew.livingston@btinternet.com,Reinaldo Livingston,Tanja Livingston
673878,Mr.,Ahmad,S,Bone,M,ahmad.bone@msn.com,Isreal Bone,Giselle Bone
876349,Hon.,Collin,V,Gimbel,M,collin.gimbel@gmail.com,Yong Gimbel,Joie Gimbel
181426,Prof.,Refugio,Q,Oram,M,refugio.oram@hotmail.com,Ali Oram,Gertude Oram
917617,Mrs.,Salena,Z,Melchior,F,salena.melchior@gmail.com,Dexter Melchior,Maryam Melchior
477003,Hon.,Jonathan,D,Gallagher,M,jonathan.gallagher@hotmail.com,Keith Gallagher,Susannah Gallagher
661637,Mrs.,Treena,U,Palomo,F,treena.palomo@yahoo.com,Patricia Palomo,Damaris Palomo
797134,Dr.,Chung,N,Dilbeck,M,chung.dilbeck@bellsouth.net,Larry Dilbeck,Sondra Dilbeck
266891,Mrs.,Fransisca,J,Bieber,F,fransisca.bieber@comcast.net,Refugio Bieber,Yukiko Bieber
839986,Mr.,Hiram,C,Dorr,M,hiram.dorr@gmail.com,Maxwell Dorr,Daria Dorr
118044,Mrs.,Dorene,U,Shryock,F,dorene.shryock@hotmail.com,Faustino Shryock,Celena Shryock
125179,Mr.,Casey,X,Sack,M,casey.sack@bellsouth.net,Sang Sack,Lasandra Sack
524291,Mr.,Mary,D,Brunelle,M,mary.brunelle@gmail.com,Jason Brunelle,Jennefer Brunelle
232066,Mrs.,Ruthie,C,Linares,F,ruthie.linares@comcast.net,Roberto Linares,Mabelle Linares
782299,Mrs.,Sharice,B,Muncie,F,sharice.muncie@yahoo.com,Kevin Muncie,Lia Muncie
944263,Prof.,Boyd,N,Lipps,M,boyd.lipps@shaw.ca,Sal Lipps,Janice Lipps
520383,Mrs.,Racheal,G,Savard,F,racheal.savard@hotmail.com,Harlan Savard,Paulina Savard
217099,Ms.,Lana,D,Eckles,F,lana.eckles@earthlink.net,Leslie Eckles,Tempie Eckles
240611,Dr.,Hugh,E,Boose,M,hugh.boose@aol.com,Jamal Boose,Marleen Boose
995758,Dr.,Max,Z,Vanalstyne,M,max.vanalstyne@sbcglobal.net,Ross Vanalstyne,Marceline Vanalstyne
864378,Mrs.,Simone,Y,Puleo,F,simone.puleo@aol.com,Jules Puleo,Laure Puleo
578560,Mr.,Robt,F,Ellerbee,M,robt.ellerbee@gmail.com,Cedric Ellerbee,Angie Ellerbee
531446,Prof.,Peter,M,Clore,M,peter.clore@gmail.com,Francisco Clore,Ronna Clore
664268,Mrs.,Adriene,J,Kimbell,F,adriene.kimbell@comcast.net,Reynaldo Kimbell,Euna Kimbell
458024,Mr.,Reid,W,Monson,M,reid.monson@yahoo.com,Hans Monson,Mina Monson
888985,Ms.,Jestine,H,Shim,F,jestine.shim@microsoft.com,Darwin Shim,Deana Shim
770527,Ms.,Evie,Y,Abels,F,evie.abels@aol.com,Jerome Abels,Angelika Abels
213735,Mr.,Daryl,H,Towle,M,daryl.towle@btinternet.com,Dewey Towle,Tanya Towle
342824,Mr.,Roman,K,Thome,M,roman.thome@aol.com,Ervin Thome,Ebonie Thome
523862,Ms.,Felisa,A,Her,F,felisa.her@yahoo.com,Kenton Her,Toni Her
664722,Mrs.,Sabra,Y,Mcgarity,F,sabra.mcgarity@charter.net,Minh Mcgarity,Anissa Mcgarity
801333,Dr.,Kim,W,Olivo,M,kim.olivo@gmail.com,Rory Olivo,Aida Olivo
658374,Mr.,Ian,F,Palmquist,M,ian.palmquist@rediffmail.com,Luke Palmquist,Leonora Palmquist
675521,Mrs.,Nakita,H,Zito,F,nakita.zito@bellsouth.net,Tommy Zito,Joane Zito
692601,Drs.,Pura,O,Windle,F,pura.windle@comcast.net,Shon Windle,Danyelle Windle
380240,Prof.,Quinn,F,Ogilvie,M,quinn.ogilvie@gmail.com,Hilario Ogilvie,Alva Ogilvie
489579,Mr.,Carlton,A,Knutson,M,carlton.knutson@sbcglobal.net,Hunter Knutson,Latricia Knutson
367019,Ms.,Mitchell,M,Forshee,F,mitchell.forshee@gmail.com,Graham Forshee,Laticia Forshee
729435,Prof.,Gilbert,Y,Alcala,M,gilbert.alcala@yahoo.co.in,Emil Alcala,Rickie Alcala
491309,Prof.,Tad,Z,Riojas,M,tad.riojas@aol.com,Eugenio Riojas,Tommye Riojas
602770,Mr.,Tuan,X,Garlock,M,tuan.garlock@aol.com,Fred Garlock,Janene Garlock
688254,Mrs.,Jennefer,N,Prall,F,jennefer.prall@charter.net,Gene Prall,Jeanie Prall
672197,Ms.,Mikki,F,Neace,F,mikki.neace@ntlworld.com,Royal Neace,Chanell Neace
832511,Prof.,Kendrick,K,Courts,M,kendrick.courts@charter.net,Johnson Courts,Joslyn Courts
181811,Hon.,Fermin,I,Gulick,M,fermin.gulick@bp.com,Esteban Gulick,Shavonda Gulick
365409,Ms.,Lynda,P,Ayer,F,lynda.ayer@ntlworld.com,Scotty Ayer,Shayne Ayer
397894,Hon.,Melva,E,Chenard,F,melva.chenard@gmail.com,Rodolfo Chenard,Shelby Chenard
272823,Hon.,Odell,F,Hayward,M,odell.hayward@charter.net,Nicholas Hayward,Nguyet Hayward
897548,Mrs.,Alane,Y,High,F,alane.high@hotmail.co.uk,Stanley High,Lilla High
441507,Prof.,Garland,Q,Arterburn,M,garland.arterburn@bp.com,Rob Arterburn,Hilda Arterburn
833013,Mrs.,Carmelina,R,Gorrell,F,carmelina.gorrell@yahoo.com,Haywood Gorrell,Ursula Gorrell
755010,Mr.,Dee,I,Orsini,M,dee.orsini@gmail.com,Norbert Orsini,Candance Orsini
532803,Mrs.,Angeline,I,Fett,F,angeline.fett@gmail.com,Markus Fett,Adrianne Fett
290299,Ms.,Myrtle,S,Fiore,F,myrtle.fiore@aol.com,Randal Fiore,Coreen Fiore
800742,Dr.,Kirby,Y,Gamache,M,kirby.gamache@cox.net,Aron Gamache,Abigail Gamache
753951,Ms.,Celestine,E,Ledford,F,celestine.ledford@yahoo.com,Sang Ledford,Rosamond Ledford
162934,Mrs.,Arlene,B,Nellis,F,arlene.nellis@ibm.com,Milton Nellis,Marylyn Nellis
963490,Mr.,Lazaro,X,Syed,M,lazaro.syed@yahoo.com,Junior Syed,Maria Syed
312636,Hon.,Lynne,K,Bohner,F,lynne.bohner@gmail.com,Blair Bohner,Joane Bohner
512755,Mrs.,Veda,V,Danis,F,veda.danis@yahoo.com,Nathanael Danis,Dwana Danis
891946,Mrs.,Marci,C,Vassallo,F,marci.vassallo@gmail.com,Bo Vassallo,Dorine Vassallo
760179,Hon.,Janna,F,Bibbins,F,janna.bibbins@gmail.com,Roy Bibbins,Sindy Bibbins
526954,Drs.,Nila,Q,Chretien,F,nila.chretien@apple.com,Waylon Chretien,Shiela Chretien
389985,Mrs.,Alesha,Z,Jarboe,F,alesha.jarboe@gmail.com,Jess Jarboe,Chong Jarboe
810821,Mr.,Moises,G,Guo,M,moises.guo@verizon.net,Felix Guo,Joni Guo
796305,Ms.,Donella,W,Bodily,F,donella.bodily@gmail.com,Neil Bodily,Fredda Bodily
373653,Mr.,Jospeh,L,Fulk,M,jospeh.fulk@aol.com,Johnson Fulk,Jaclyn Fulk
317985,Hon.,Zina,N,Nation,F,zina.nation@aol.com,Eldridge Nation,Nannette Nation
178077,Hon.,Agnes,E,Steppe,F,agnes.steppe@shaw.ca,Isaiah Steppe,Dona Steppe
129648,Ms.,Lillie,W,Wainscott,F,lillie.wainscott@walmart.com,Modesto Wainscott,Lila Wainscott
512728,Dr.,Mary,K,Enriquez,M,mary.enriquez@hotmail.com,Mario Enriquez,Stefany Enriquez
372332,Ms.,Fiona,Y,Negrin,F,fiona.negrin@gmail.com,Andrea Negrin,Crista Negrin
600323,Ms.,Geri,H,Jiron,F,geri.jiron@yahoo.com,Scottie Jiron,Tabetha Jiron
884830,Prof.,Son,T,Mcardle,M,son.mcardle@hotmail.com,Drew Mcardle,Suzie Mcardle
403651,Ms.,Rosalia,O,Flavin,F,rosalia.flavin@hotmail.com,Wm Flavin,Lorri Flavin
674608,Ms.,Ja,K,Burbach,F,ja.burbach@aol.com,Lawrence Burbach,Tempie Burbach
879479,Mr.,Josef,E,Scaife,M,josef.scaife@bp.com,Nathaniel Scaife,Aracelis Scaife
267198,Prof.,Alex,M,Oakley,M,alex.oakley@earthlink.net,Booker Oakley,Jonie Oakley
930374,Mr.,Sidney,K,Chen,M,sidney.chen@verizon.net,Vance Chen,Kayleigh Chen
628511,Prof.,Thomas,V,Meserve,M,thomas.meserve@gmail.com,Carrol Meserve,Ruthann Meserve
193333,Ms.,Jesica,D,Stackpole,F,jesica.stackpole@gmail.com,Corey Stackpole,Shela Stackpole
576721,Ms.,Candy,Y,Wendel,F,candy.wendel@gmail.com,Emmett Wendel,Lynetta Wendel
137438,Mrs.,Amanda,A,Edmonson,F,amanda.edmonson@gmail.com,Angel Edmonson,Enriqueta Edmonson
155972,Ms.,Amee,H,Cordray,F,amee.cordray@apple.com,Lynwood Cordray,Gertha Cordray
609431,Mrs.,Lelia,D,Taylor,F,lelia.taylor@hotmail.co.uk,Rolf Taylor,Janette Taylor
777429,Ms.,Soila,G,Daigre,F,soila.daigre@apple.com,Darnell Daigre,Eugenie Daigre
743866,Mr.,Al,P,Richarson,M,al.richarson@comcast.net,Michal Richarson,Catherine Richarson
266593,Ms.,Kayleigh,P,Mccue,F,kayleigh.mccue@sbcglobal.net,Ernest Mccue,Janeth Mccue
932298,Mrs.,Shalanda,R,Mejias,F,shalanda.mejias@gmail.com,Kieth Mejias,Lorinda Mejias
733525,Mr.,Preston,P,Capasso,M,preston.capasso@yahoo.com,Sidney Capasso,Cherish Capasso
990379,Mr.,Matt,Z,Angelo,M,matt.angelo@aol.com,Vicente Angelo,Vida Angelo
293763,Mr.,Gregg,G,Sisler,M,gregg.sisler@yahoo.co.uk,Ira Sisler,Jessenia Sisler
550659,Ms.,Reatha,F,Gaston,F,reatha.gaston@yahoo.co.uk,Elbert Gaston,Camelia Gaston
334385,Mr.,Danny,H,Blaisdell,M,danny.blaisdell@btinternet.com,Kirby Blaisdell,Tarsha Blaisdell
819958,Hon.,Susan,X,Fortuna,F,susan.fortuna@yahoo.co.in,Jamey Fortuna,Winifred Fortuna
686319,Ms.,Veola,R,Trott,F,veola.trott@gmail.com,Hai Trott,Pauletta Trott
840221,Prof.,Danial,X,Zamarripa,M,danial.zamarripa@btinternet.com,Carmine Zamarripa,Blossom Zamarripa
619562,Mrs.,Thresa,A,Caraballo,F,thresa.caraballo@yahoo.com,Mary Caraballo,Oralia Caraballo
280617,Mrs.,Stella,X,Antone,F,stella.antone@gmail.com,Felton Antone,Golden Antone
689108,Ms.,Jina,I,Heider,F,jina.heider@hotmail.com,Parker Heider,Cammy Heider
566446,Mr.,Herb,B,Hasting,M,herb.hasting@gmail.com,Antwan Hasting,Trish Hasting
681557,Mrs.,Cindy,H,Mai,F,cindy.mai@gmail.com,Otis Mai,Katy Mai
817072,Ms.,Julianne,Z,Bedolla,F,julianne.bedolla@yahoo.com,Michale Bedolla,Sharie Bedolla
690205,Ms.,Melania,Q,Tice,F,melania.tice@yahoo.com,Winston Tice,Talitha Tice
398441,Mrs.,Somer,Q,Dolph,F,somer.dolph@yahoo.com,Everette Dolph,Lorriane Dolph
124157,Mr.,Myron,H,Small,M,myron.small@hotmail.com,Leonel Small,Deedee Small
562405,Mrs.,Golda,F,Clutter,F,golda.clutter@bp.com,Felton Clutter,Lorrine Clutter
345915,Prof.,Herbert,T,Gassett,M,herbert.gassett@ibm.com,Columbus Gassett,Agustina Gassett
533960,Mr.,Clyde,G,Stearns,M,clyde.stearns@rediffmail.com,Myles Stearns,Daria Stearns
854101,Drs.,Rosalba,U,Feld,F,rosalba.feld@yahoo.com,Federico Feld,Maybell Feld
518625,Drs.,Bettyann,R,Gottfried,F,bettyann.gottfried@yahoo.com,Leland Gottfried,Tameka Gottfried
483547,Dr.,Lucio,Q,Oboyle,M,lucio.oboyle@aol.com,Sammie Oboyle,Epifania Oboyle
324404,Drs.,Desire,Z,Lecompte,F,desire.lecompte@aol.com,Olin Lecompte,Nidia Lecompte
206077,Ms.,Adelaide,O,Pettiford,F,adelaide.pettiford@gmail.com,Noah Pettiford,Debbra Pettiford
292774,Ms.,Leisa,S,Geary,F,leisa.geary@yahoo.com,Jonas Geary,Maryanne Geary
781977,Ms.,Darnell,Q,Mckeever,F,darnell.mckeever@gmail.com,Burton Mckeever,Ilene Mckeever
788706,Mrs.,Corinna,A,Towner,F,corinna.towner@ibm.com,Erin Towner,Dorian Towner
289950,Ms.,Particia,U,Rimmer,F,particia.rimmer@shell.com,Rickey Rimmer,Ozell Rimmer
277484,Mr.,Jermaine,J,Gammons,M,jermaine.gammons@bellsouth.net,Bradly Gammons,Alia Gammons
341085,Mrs.,Liberty,X,Gilcrease,F,liberty.gilcrease@gmail.com,Mariano Gilcrease,Aisha Gilcrease
238336,Prof.,Stanford,V,Torrance,M,stanford.torrance@yahoo.com,Enrique Torrance,Tatum Torrance
671311,Mr.,Damion,W,Whiteman,M,damion.whiteman@hotmail.com,Lucas Whiteman,Babara Whiteman
498200,Drs.,Karlyn,B,Boltz,F,karlyn.boltz@aol.com,Len Boltz,Charlena Boltz
251202,Hon.,Van,L,Rutherford,M,van.rutherford@hotmail.com,Brad Rutherford,Lashandra Rutherford
791187,Ms.,Sari,M,Wei,F,sari.wei@yahoo.com,Fidel Wei,Temika Wei
163150,Mr.,Jacob,I,Cuddy,M,jacob.cuddy@btinternet.com,Winston Cuddy,Arlinda Cuddy
571513,Ms.,Andra,P,Schiller,F,andra.schiller@gmail.com,Clay Schiller,Magdalene Schiller
162558,Drs.,Elouise,E,Fulcher,F,elouise.fulcher@hotmail.com,Brady Fulcher,Kimberli Fulcher
885464,Mr.,Donnell,G,Golson,M,donnell.golson@gmail.com,Mitch Golson,Georgann Golson
617516,Mrs.,Shonna,G,Edelstein,F,shonna.edelstein@gmail.com,Christoper Edelstein,Diamond Edelstein
774604,Mr.,Miguel,J,Mountain,M,miguel.mountain@sbcglobal.net,Gerard Mountain,Pura Mountain
410274,Mr.,Harvey,K,Mcculley,M,harvey.mcculley@verizon.net,Moshe Mcculley,Kelle Mcculley
460240,Mr.,Hipolito,I,Scruggs,M,hipolito.scruggs@verizon.net,Ahmed Scruggs,Tamera Scruggs
272745,Ms.,Maryam,T,Meaux,F,maryam.meaux@hotmail.com,Tyson Meaux,Tempie Meaux
670243,Mr.,Brian,R,Postell,M,brian.postell@yahoo.com,Lavern Postell,Tracy Postell
806038,Dr.,Calvin,K,Sroka,M,calvin.sroka@shaw.ca,Darron Sroka,Luis Sroka
136012,Mr.,Donte,D,Mcray,M,donte.mcray@comcast.net,Johnnie Mcray,Lavonna Mcray
656236,Ms.,Thelma,Q,Schechter,F,thelma.schechter@gmail.com,Toby Schechter,Valentine Schechter
620682,Mr.,Jose,P,Geib,M,jose.geib@hotmail.com,Chung Geib,Grazyna Geib
540876,Ms.,Carlota,E,Heist,F,carlota.heist@aol.com,Edward Heist,Alberta Heist
617478,Mrs.,Elnora,I,Spurrier,F,elnora.spurrier@gmail.com,Issac Spurrier,Carole Spurrier
376116,Mr.,Chadwick,N,Legrand,M,chadwick.legrand@earthlink.net,Clifton Legrand,Candie Legrand
857094,Mrs.,Hailey,V,Midgett,F,hailey.midgett@hotmail.com,Deandre Midgett,America Midgett
976822,Mr.,Thad,Y,Goris,M,thad.goris@yahoo.com,Wesley Goris,Elda Goris
540762,Hon.,Loris,Q,Jessen,F,loris.jessen@aol.com,James Jessen,Cristin Jessen
690684,Mr.,Ivory,B,Teegarden,M,ivory.teegarden@hotmail.com,Otha Teegarden,Adam Teegarden
771244,Prof.,Houston,B,Stuckey,M,houston.stuckey@hotmail.com,Alden Stuckey,Margaretta Stuckey
660804,Mr.,Abe,E,Bettencourt,M,abe.bettencourt@gmail.com,Edwardo Bettencourt,Tajuana Bettencourt
765074,Ms.,Dagmar,P,Costanzo,F,dagmar.costanzo@aol.com,Noe Costanzo,Macie Costanzo
633417,Hon.,Lucien,L,Carrara,M,lucien.carrara@hotmail.com,Gerald Carrara,Dina Carrara
207153,Hon.,Dorian,D,Stuber,F,dorian.stuber@ntlworld.com,Anthony Stuber,Dale Stuber
338537,Mr.,Norris,K,Yarbrough,M,norris.yarbrough@aol.com,Truman Yarbrough,Genesis Yarbrough
886606,Mr.,Allan,R,Gilstrap,M,allan.gilstrap@yahoo.com,Milo Gilstrap,Oma Gilstrap
360183,Mr.,Alfredo,F,Gober,M,alfredo.gober@yahoo.co.in,Angel Gober,Paola Gober
974988,Mr.,Robert,B,Senecal,M,robert.senecal@walmart.com,Emanuel Senecal,Ryann Senecal
190630,Mr.,Rod,C,Pipkin,M,rod.pipkin@hotmail.co.uk,Noel Pipkin,Shenika Pipkin
419084,Mrs.,Luella,M,Sorrells,F,luella.sorrells@hotmail.com,Hassan Sorrells,Tish Sorrells
274249,Mr.,Luke,H,Bernardi,M,luke.bernardi@gmail.com,Heath Bernardi,Fe Bernardi
587174,Mrs.,Linnea,S,Beckstead,F,linnea.beckstead@bellsouth.net,Conrad Beckstead,Dedra Beckstead
846479,Mr.,Lester,V,Morneau,M,lester.morneau@earthlink.net,Bruce Morneau,Jovita Morneau
196548,Mr.,Rufus,L,January,M,rufus.january@apple.com,Vicente January,Bernadette January
373499,Prof.,Daniel,D,Mccaffrey,M,daniel.mccaffrey@cox.net,Gabriel Mccaffrey,Shellie Mccaffrey
438946,Mrs.,Rachelle,F,Cooks,F,rachelle.cooks@bellsouth.net,Al Cooks,Jacquie Cooks
175928,Ms.,Dawna,P,Bohman,F,dawna.bohman@charter.net,Arlie Bohman,Chantell Bohman
442792,Hon.,Dong,R,Sanabria,M,dong.sanabria@rediffmail.com,Darnell Sanabria,Marhta Sanabria
708769,Mrs.,Neomi,I,Carstens,F,neomi.carstens@hotmail.com,Loyd Carstens,Dinah Carstens
877798,Mr.,Keith,I,Coachman,M,keith.coachman@aol.com,Loren Coachman,Aida Coachman
969831,Mr.,Marcus,L,Stenberg,M,marcus.stenberg@gmail.com,Boyd Stenberg,Natashia Stenberg
840813,Hon.,Imogene,X,Kanagy,F,imogene.kanagy@walmart.com,Gregg Kanagy,Sheree Kanagy
286623,Mrs.,Lovella,K,Sheeran,F,lovella.sheeran@hotmail.com,Karl Sheeran,Barabara Sheeran
939592,Mrs.,Muriel,B,Eudy,F,muriel.eudy@gmail.com,Hal Eudy,Rebecca Eudy
176159,Mrs.,Beata,N,Senter,F,beata.senter@msn.com,Johnathan Senter,Glennie Senter
824477,Hon.,Orval,Y,Kinley,M,orval.kinley@aol.com,Ashley Kinley,Kimberly Kinley
638799,Mrs.,Ursula,T,Mcbrayer,F,ursula.mcbrayer@shell.com,Buford Mcbrayer,Kandace Mcbrayer
973558,Ms.,Larhonda,W,Gunther,F,larhonda.gunther@exxonmobil.com,Rocco Gunther,Delpha Gunther
580556,Ms.,Sharika,A,Giuliano,F,sharika.giuliano@shell.com,Vincenzo Giuliano,Joleen Giuliano
981295,Dr.,Erich,F,Shurtz,M,erich.shurtz@gmail.com,Wally Shurtz,Audie Shurtz
724988,Mr.,Edwardo,X,Good,M,edwardo.good@gmail.com,Hugo Good,Akiko Good
156181,Ms.,Kaycee,N,Ortez,F,kaycee.ortez@earthlink.net,Valentin Ortez,Daisey Ortez
486896,Ms.,Era,Q,Zazueta,F,era.zazueta@shell.com,Lonnie Zazueta,Adriene Zazueta
232978,Mr.,Cordell,P,Lampert,M,cordell.lampert@ibm.com,Clinton Lampert,Rebbeca Lampert
946719,Ms.,Nicolle,E,Wallace,F,nicolle.wallace@gmail.com,Gale Wallace,Megan Wallace
449539,Ms.,Fred,W,Schwab,F,fred.schwab@gmail.com,Dylan Schwab,Edie Schwab
508949,Mr.,Hector,I,Panos,M,hector.panos@earthlink.net,Jordan Panos,Verlene Panos
349329,Dr.,Nathanael,K,Adkinson,M,nathanael.adkinson@ntlworld.com,Agustin Adkinson,Chante Adkinson
272362,Mr.,Diego,G,Tan,M,diego.tan@apple.com,Trevor Tan,Anja Tan
115188,Ms.,Else,K,Watters,F,else.watters@apple.com,Carlton Watters,Arlean Watters
806490,Dr.,Vito,B,Eckert,M,vito.eckert@ibm.com,Edmond Eckert,Myrna Eckert
906574,Mr.,Bennie,X,Chumbley,M,bennie.chumbley@yahoo.com,Boyce Chumbley,Dinorah Chumbley
695461,Hon.,Caprice,G,Mcbride,F,caprice.mcbride@comcast.net,Myles Mcbride,Judi Mcbride
783607,Mr.,Bill,C,Hass,M,bill.hass@rediffmail.com,Brooks Hass,Tarra Hass
321415,Mrs.,Roxana,W,Luo,F,roxana.luo@yahoo.com,Hobert Luo,Prudence Luo
690141,Mrs.,Laine,S,Dolce,F,laine.dolce@gmail.com,Leigh Dolce,Mellissa Dolce
359734,Prof.,Isaias,D,Cosey,M,isaias.cosey@shaw.ca,Marcos Cosey,Glenda Cosey
523644,Mr.,Miguel,W,Icenhour,M,miguel.icenhour@msn.com,Gus Icenhour,Ardell Icenhour
680514,Prof.,Stephen,P,Stanek,M,stephen.stanek@hotmail.com,Jordon Stanek,Marilou Stanek
208547,Mrs.,Alaine,S,Auzenne,F,alaine.auzenne@gmail.com,Joshua Auzenne,Jacki Auzenne
239627,Mr.,Rolland,A,Lesniak,M,rolland.lesniak@microsoft.com,Courtney Lesniak,Kathlyn Lesniak
467515,Mr.,Jean,V,Ybanez,M,jean.ybanez@yahoo.com,Jefferson Ybanez,Arnetta Ybanez
542695,Mrs.,Sage,C,Burt,F,sage.burt@gmail.com,Jared Burt,Iola Burt
873957,Hon.,Krysten,D,Kastner,F,krysten.kastner@gmail.com,Vincent Kastner,Lashaunda Kastner
376427,Mr.,Leo,B,Vitiello,M,leo.vitiello@aol.com,Dylan Vitiello,Suzanne Vitiello
991359,Ms.,Minna,C,Lambdin,F,minna.lambdin@gmail.com,Angel Lambdin,Birdie Lambdin
835096,Mr.,Rafael,N,Sais,M,rafael.sais@yahoo.com,Terrell Sais,Lillie Sais
849402,Hon.,Jong,V,Muldoon,F,jong.muldoon@ibm.com,Graig Muldoon,Florene Muldoon
781040,Ms.,Krysten,L,Barley,F,krysten.barley@ibm.com,Ezra Barley,Audie Barley
784683,Hon.,Brendan,P,Taulbee,M,brendan.taulbee@yahoo.com,Ulysses Taulbee,Olympia Taulbee
433639,Prof.,Blaine,C,Pink,M,blaine.pink@hotmail.com,Horace Pink,Shani Pink
896003,Mr.,Antoine,Y,Hodgins,M,antoine.hodgins@gmail.com,Keven Hodgins,Vinnie Hodgins
781210,Dr.,Virgilio,R,Muro,M,virgilio.muro@gmail.com,Earnest Muro,Iva Muro
586474,Mr.,Jeffery,M,Heitz,M,jeffery.heitz@yahoo.com,Raymon Heitz,Sara Heitz
954698,Mrs.,Tamala,W,Gayle,F,tamala.gayle@aol.com,Claud Gayle,Leatrice Gayle
664640,Mr.,Earnest,P,Fredricks,M,earnest.fredricks@bp.com,Alfredo Fredricks,Ebonie Fredricks
368744,Mrs.,Karen,B,Dawe,F,karen.dawe@hotmail.com,Joe Dawe,Lavona Dawe
921309,Mr.,Anton,L,Traylor,M,anton.traylor@gmail.com,Antione Traylor,Hermina Traylor
213432,Mr.,Maynard,B,Rush,M,maynard.rush@yahoo.com,Dorian Rush,Mitzi Rush
543171,Mrs.,Mahalia,E,Edler,F,mahalia.edler@exxonmobil.com,Hugo Edler,Devona Edler
880070,Dr.,Jules,K,Melchor,M,jules.melchor@bellsouth.net,Fred Melchor,Laci Melchor
946577,Ms.,Tamala,L,Reinhard,F,tamala.reinhard@charter.net,Huey Reinhard,Alberta Reinhard
126560,Mr.,Trey,B,Kirwin,M,trey.kirwin@gmail.com,Jared Kirwin,Macie Kirwin
170322,Ms.,Eva,K,Villegas,F,eva.villegas@hotmail.com,Anton Villegas,Sharan Villegas
565675,Mr.,Matthew,F,Salzman,M,matthew.salzman@gmail.com,Craig Salzman,Bethel Salzman
188590,Dr.,Isidro,R,Boeding,M,isidro.boeding@gmail.com,Gordon Boeding,Love Boeding
615145,Mr.,Ferdinand,Q,Bulluck,M,ferdinand.bulluck@yahoo.com,Mickey Bulluck,Georgia Bulluck
727354,Ms.,Hermelinda,E,Goris,F,hermelinda.goris@hotmail.com,Pete Goris,Janis Goris
159554,Ms.,Candice,V,Mincey,F,candice.mincey@exxonmobil.com,Wyatt Mincey,Billye Mincey
500920,Mr.,Wayne,T,Abbott,M,wayne.abbott@yahoo.ca,Jesus Abbott,Jann Abbott
840699,Mrs.,Concetta,F,Sheperd,F,concetta.sheperd@cox.net,Rudy Sheperd,Cara Sheperd
340839,Ms.,Audra,D,Lepage,F,audra.lepage@hotmail.com,Woodrow Lepage,Carlyn Lepage
670876,Mr.,Hugo,V,Majewski,M,hugo.majewski@bellsouth.net,Randy Majewski,Hermine Majewski
244948,Mr.,Osvaldo,E,Hepler,M,osvaldo.hepler@gmail.com,Shaun Hepler,Jolyn Hepler
663519,Ms.,Ashly,R,Saad,F,ashly.saad@hotmail.com,August Saad,Kellye Saad
374332,Ms.,Lavonna,Y,Gebo,F,lavonna.gebo@hotmail.com,Robby Gebo,Kali Gebo
508984,Mr.,Stacey,D,Seale,M,stacey.seale@gmail.com,Antony Seale,Sommer Seale
248203,Dr.,Landon,A,Kerfoot,M,landon.kerfoot@yahoo.co.in,Dave Kerfoot,Angle Kerfoot
545466,Prof.,Ward,Z,Kell,M,ward.kell@hotmail.com,Gary Kell,Ramona Kell
386696,Ms.,Lachelle,Q,Cron,F,lachelle.cron@hotmail.co.uk,Mervin Cron,Carl Cron
830616,Mr.,Nickolas,S,Gamblin,M,nickolas.gamblin@bellsouth.net,Garland Gamblin,Joy Gamblin
207136,Prof.,Santo,Z,Westlund,M,santo.westlund@aol.com,Erich Westlund,Dean Westlund
786072,Mr.,Enrique,O,Hartfield,M,enrique.hartfield@gmail.com,Salvador Hartfield,Onita Hartfield
423776,Mrs.,Tara,X,Guerrero,F,tara.guerrero@gmail.com,Marlin Guerrero,Sharika Guerrero
442683,Mr.,Carlo,X,Hagood,M,carlo.hagood@ntlworld.com,Clinton Hagood,Dena Hagood
645456,Mr.,Trevor,I,Keaney,M,trevor.keaney@hotmail.com,Lucien Keaney,Loura Keaney
980877,Mr.,Carlton,Q,Gillett,M,carlton.gillett@gmail.com,Ethan Gillett,Lavette Gillett
865617,Hon.,Kimi,I,Yeung,F,kimi.yeung@aol.com,Clayton Yeung,Hortencia Yeung
705050,Mrs.,Etta,C,Orduna,F,etta.orduna@apple.com,Armando Orduna,Leesa Orduna
650240,Mrs.,Tiffani,T,Randel,F,tiffani.randel@ibm.com,Caleb Randel,Sanjuanita Randel
590875,Ms.,Melvin,T,Wildermuth,F,melvin.wildermuth@gmail.com,Jonathon Wildermuth,Kimiko Wildermuth
718134,Mrs.,Mariann,C,Bien,F,mariann.bien@earthlink.net,Dudley Bien,Genna Bien
877752,Prof.,Burl,H,Hadley,M,burl.hadley@gmail.com,Raymond Hadley,Na Hadley
274710,Dr.,Raymond,Q,Panella,M,raymond.panella@microsoft.com,Tyson Panella,Chelsie Panella
623063,Ms.,Eleonor,W,Caples,F,eleonor.caples@earthlink.net,Hugo Caples,Kate Caples
571440,Hon.,Jake,Q,Bessette,M,jake.bessette@yahoo.com,Lynwood Bessette,Roxanne Bessette
801557,Mrs.,Sherly,G,Frink,F,sherly.frink@btinternet.com,Buford Frink,Rosia Frink
496569,Ms.,Marica,I,Moorehead,F,marica.moorehead@yahoo.com,Kurtis Moorehead,Orpha Moorehead
199891,Ms.,Marylin,I,Wire,F,marylin.wire@gmail.com,Luciano Wire,Hyacinth Wire
447075,Mrs.,Delicia,Y,Osbourn,F,delicia.osbourn@yahoo.com,Robby Osbourn,Rafaela Osbourn
245181,Ms.,Twanna,S,Dellinger,F,twanna.dellinger@aol.com,Efren Dellinger,Madelyn Dellinger
731886,Mrs.,Elsy,F,Boe,F,elsy.boe@hotmail.co.uk,Damian Boe,Maida Boe
462039,Dr.,Long,H,Kellison,M,long.kellison@gmail.com,Ambrose Kellison,Kristan Kellison
534112,Mrs.,Lyndsay,O,Montague,F,lyndsay.montague@gmail.com,Erasmo Montague,Celsa Montague
252516,Mr.,Quincy,W,Heckstall,M,quincy.heckstall@gmail.com,Roscoe Heckstall,Latoria Heckstall
126766,Hon.,Caryl,E,Rigney,F,caryl.rigney@msn.com,Wilbert Rigney,Marcy Rigney
693415,Ms.,Tran,J,Barreto,F,tran.barreto@gmail.com,Trent Barreto,Madeline Barreto
369715,Mrs.,Jamie,O,Kremer,F,jamie.kremer@yahoo.com,Samuel Kremer,Lianne Kremer
267625,Hon.,Alverta,F,Doxey,F,alverta.doxey@hotmail.com,Donnie Doxey,Joann Doxey
849014,Ms.,Jo,I,Purser,F,jo.purser@hotmail.com,Dorsey Purser,Maxine Purser
890601,Ms.,Cayla,Q,Eisenman,F,cayla.eisenman@hotmail.com,Douglass Eisenman,Hannelore Eisenman
908582,Ms.,Rosalie,Z,Kersten,F,rosalie.kersten@aol.com,Pedro Kersten,Nicolasa Kersten
815304,Hon.,Brady,N,Westberg,M,brady.westberg@gmail.com,Keven Westberg,Marchelle Westberg
935362,Prof.,Dave,X,Olander,M,dave.olander@gmail.com,Sandy Olander,Yulanda Olander
998964,Drs.,Louann,P,Leonard,F,louann.leonard@gmail.com,Eugene Leonard,Tona Leonard
592391,Mrs.,Antonina,H,Vidaurri,F,antonina.vidaurri@gmail.com,Andy Vidaurri,Margeret Vidaurri
181631,Ms.,Sheilah,D,Elam,F,sheilah.elam@shell.com,Buddy Elam,Noreen Elam
694238,Mrs.,Artie,N,Poch,F,artie.poch@gmail.com,Stephan Poch,Jeanetta Poch
370989,Mr.,Jackson,R,Mori,M,jackson.mori@btinternet.com,Carmen Mori,Shawana Mori
530353,Dr.,Clint,J,Bailey,M,clint.bailey@hotmail.com,Brant Bailey,Ronnie Bailey
205635,Mr.,Jordon,J,Dostie,M,jordon.dostie@gmail.com,Miguel Dostie,Claudette Dostie
441888,Mrs.,Missy,S,Boles,F,missy.boles@hotmail.com,Derick Boles,Celia Boles
113500,Drs.,Jimmy,U,Fegan,F,jimmy.fegan@btinternet.com,Lonnie Fegan,Georgene Fegan
124216,Drs.,Marlene,K,Deeter,F,marlene.deeter@hotmail.com,Lance Deeter,Constance Deeter
737631,Mr.,Jerrold,L,Mealy,M,jerrold.mealy@btinternet.com,Bennett Mealy,Sherryl Mealy
238477,Ms.,Dodie,J,Shutts,F,dodie.shutts@aol.com,Kermit Shutts,Gwyn Shutts
323775,Mr.,Howard,I,Broom,M,howard.broom@exxonmobil.com,Giovanni Broom,Flo Broom
915483,Mr.,Sergio,H,Jenson,M,sergio.jenson@hotmail.com,Johnny Jenson,Ladawn Jenson
541997,Mr.,Al,J,Belin,M,al.belin@aol.com,Rex Belin,Edward Belin
735320,Mr.,Wilmer,Z,Carman,M,wilmer.carman@gmail.com,Len Carman,Twana Carman
214541,Ms.,Roxann,H,Malcom,F,roxann.malcom@ibm.com,Walton Malcom,Emmie Malcom
877083,Drs.,Thi,G,Belknap,F,thi.belknap@yahoo.co.uk,Ryan Belknap,Chaya Belknap
199949,Dr.,Andrea,J,Bowie,M,andrea.bowie@yahoo.com,Edison Bowie,Aide Bowie
688763,Ms.,Marvis,S,Mingle,F,marvis.mingle@aol.com,Cristobal Mingle,Joetta Mingle
238977,Hon.,Liza,N,Losoya,F,liza.losoya@aol.com,Micah Losoya,Tanisha Losoya
482811,Mr.,Olen,Q,Goehring,M,olen.goehring@aol.com,Gregg Goehring,Katherina Goehring
790101,Mr.,Tommie,C,Priebe,M,tommie.priebe@walmart.com,Dalton Priebe,Brinda Priebe
918522,Mr.,Wade,U,Moyers,M,wade.moyers@microsoft.com,Odell Moyers,Antonette Moyers
882381,Prof.,Zachariah,N,Moriarty,M,zachariah.moriarty@charter.net,Jonathon Moriarty,Cassandra Moriarty
998996,Ms.,Junita,B,Ridenhour,F,junita.ridenhour@gmail.com,Morgan Ridenhour,Arielle Ridenhour
124574,Mrs.,Martha,U,Bustillos,F,martha.bustillos@gmail.com,Sang Bustillos,Ruthie Bustillos
488237,Mr.,Lucius,J,Kuykendall,M,lucius.kuykendall@microsoft.com,Werner Kuykendall,Naoma Kuykendall
787168,Drs.,Li,I,Felix,F,li.felix@gmail.com,Zachariah Felix,Corinna Felix
331727,Mr.,Eric,N,Stallman,M,eric.stallman@hotmail.com,Jewel Stallman,Raye Stallman
762884,Mr.,Derick,Y,Atchison,M,derick.atchison@gmail.com,Gil Atchison,Lily Atchison
219360,Hon.,Lina,G,Southern,F,lina.southern@hotmail.com,Buddy Southern,Ella Southern
433427,Ms.,Odilia,N,Mccain,F,odilia.mccain@cox.net,Jere Mccain,Brynn Mccain
651847,Ms.,Maragret,H,Stackpole,F,maragret.stackpole@gmail.com,Craig Stackpole,Kelley Stackpole
470274,Ms.,Shana,V,Rembert,F,shana.rembert@btinternet.com,Carson Rembert,Carlee Rembert
205043,Ms.,Hui,L,Marinelli,F,hui.marinelli@yahoo.com,Miles Marinelli,Althea Marinelli
708366,Mr.,Wendell,U,Desouza,M,wendell.desouza@hotmail.com,Ellsworth Desouza,Heidy Desouza
242180,Mr.,Michal,L,Souders,M,michal.souders@hotmail.com,Royce Souders,Chong Souders
676055,Hon.,Tonja,V,Oatman,F,tonja.oatman@bp.com,Fritz Oatman,Wanetta Oatman
212919,Mr.,Jackson,F,Rondon,M,jackson.rondon@msn.com,Garry Rondon,Migdalia Rondon
809086,Mrs.,Joycelyn,K,Kogan,F,joycelyn.kogan@shell.com,Jacques Kogan,Laura Kogan
678084,Mr.,Chad,E,Bruch,M,chad.bruch@aol.com,Clark Bruch,Dolores Bruch
931928,Mr.,Eugenio,I,Keifer,M,eugenio.keifer@hotmail.com,Alonzo Keifer,Zonia Keifer
310100,Drs.,Adell,B,Doyal,F,adell.doyal@hotmail.com,Salvador Doyal,Paulette Doyal
812031,Ms.,Hortencia,F,Wyant,F,hortencia.wyant@hotmail.com,Hilario Wyant,Jaleesa Wyant
896897,Mr.,Gail,Y,Carrasco,M,gail.carrasco@earthlink.net,Kristopher Carrasco,Carina Carrasco
703660,Mrs.,Mellisa,P,Dao,F,mellisa.dao@yahoo.com,Michael Dao,Elenore Dao
821510,Ms.,Melva,O,Duty,F,melva.duty@aol.com,Sherwood Duty,See Duty
909096,Ms.,Bethel,T,Jessee,F,bethel.jessee@gmail.com,Taylor Jessee,Cecilia Jessee
378489,Mrs.,Lexie,F,Witmer,F,lexie.witmer@gmail.com,Cruz Witmer,Joye Witmer
496080,Prof.,Ricardo,G,Borquez,M,ricardo.borquez@yahoo.com,Cyrus Borquez,Jaye Borquez
732662,Mr.,Leonel,Q,Chamberlain,M,leonel.chamberlain@gmail.com,Richie Chamberlain,Liliana Chamberlain
865959,Mr.,Long,S,Pratt,M,long.pratt@yahoo.ca,Merlin Pratt,Vada Pratt
770268,Prof.,Bob,C,Wagnon,M,bob.wagnon@gmail.com,Karl Wagnon,Denyse Wagnon
533633,Mrs.,Carlee,P,Bisbee,F,carlee.bisbee@yahoo.com,Adolfo Bisbee,Bari Bisbee
759107,Dr.,Benny,Y,Norred,M,benny.norred@yahoo.co.in,Minh Norred,Hyon Norred
591530,Mr.,Fletcher,K,Shriner,M,fletcher.shriner@gmail.com,Devin Shriner,Lieselotte Shriner
623286,Hon.,Jacqualine,Q,Strait,F,jacqualine.strait@aol.com,Tyrell Strait,Liza Strait
552053,Hon.,Nathan,J,Avina,M,nathan.avina@yahoo.com,Carmelo Avina,Bethel Avina
415872,Mrs.,Joseph,N,Stroupe,F,joseph.stroupe@hotmail.com,Dale Stroupe,Amelia Stroupe
929612,Mr.,Garfield,U,Havel,M,garfield.havel@hotmail.com,Nicolas Havel,Elizebeth Havel
128353,Mr.,Jefferson,Z,Bright,M,jefferson.bright@gmail.com,Fredric Bright,Kay Bright
701131,Mr.,Andrea,A,Albrecht,M,andrea.albrecht@gmail.com,Daryl Albrecht,Cynthia Albrecht
642464,Mr.,Renato,A,Guillermo,M,renato.guillermo@hotmail.com,Haywood Guillermo,Kenia Guillermo
228351,Mr.,Alberto,Q,Ernst,M,alberto.ernst@aol.com,Terrance Ernst,Anja Ernst
741035,Prof.,Rashad,A,Alderete,M,rashad.alderete@gmail.com,Randall Alderete,Andria Alderete
891948,Prof.,Kenneth,P,Whitehill,M,kenneth.whitehill@gmail.com,Calvin Whitehill,Georgeann Whitehill
427870,Ms.,Nicolasa,M,Gordan,F,nicolasa.gordan@yahoo.com,Ralph Gordan,Joleen Gordan
909675,Ms.,Zita,U,Allie,F,zita.allie@walmart.com,Pete Allie,Ciera Allie
584433,Mr.,Lucio,E,Couto,M,lucio.couto@gmail.com,Renato Couto,Eliza Couto
366310,Ms.,Joycelyn,P,Zorn,F,joycelyn.zorn@aol.com,Roger Zorn,Julia Zorn
768890,Mrs.,Lilliam,E,Shadle,F,lilliam.shadle@hotmail.com,Fabian Shadle,Joycelyn Shadle
260964,Hon.,Iraida,W,Michaelson,F,iraida.michaelson@yahoo.co.in,Brice Michaelson,Risa Michaelson
740851,Ms.,Oliva,P,Pohl,F,oliva.pohl@hotmail.com,Aaron Pohl,Patrick Pohl
155088,Mr.,Devon,N,Laverriere,M,devon.laverriere@hotmail.com,Alphonse Laverriere,Seema Laverriere
850690,Ms.,Nola,C,Fairweather,F,nola.fairweather@gmail.com,Victor Fairweather,Meg Fairweather
115608,Prof.,Elliott,G,Deas,M,elliott.deas@bellsouth.net,Agustin Deas,Vina Deas
210124,Ms.,Winter,I,Konrad,F,winter.konrad@hotmail.com,Darrel Konrad,Mao Konrad
425436,Hon.,Lynn,Z,Grill,M,lynn.grill@gmail.com,Augustus Grill,Charlott Grill
671806,Ms.,Susann,Y,Carty,F,susann.carty@outlook.com,Morgan Carty,Jeffrey Carty
755777,Mr.,Jere,B,Ostby,M,jere.ostby@ibm.com,Clayton Ostby,Gracia Ostby
867958,Ms.,Page,Z,Motz,F,page.motz@earthlink.net,Brendan Motz,Kelli Motz
716907,Ms.,Karry,Z,Perrault,F,karry.perrault@btinternet.com,Nolan Perrault,Mirella Perrault
335807,Ms.,Era,K,Culbreth,F,era.culbreth@hotmail.com,Anton Culbreth,Jule Culbreth
370762,Prof.,Morris,R,Asaro,M,morris.asaro@yahoo.com,Clifford Asaro,Caprice Asaro
202039,Mr.,Osvaldo,N,Appel,M,osvaldo.appel@yahoo.co.in,Curtis Appel,Kate Appel
399778,Mrs.,Helen,I,Cardiel,F,helen.cardiel@hotmail.com,Kasey Cardiel,Margeret Cardiel
454075,Mr.,Truman,M,Root,M,truman.root@gmail.com,Lesley Root,Zofia Root
959750,Drs.,Denice,H,Gaertner,F,denice.gaertner@aol.com,Abe Gaertner,Arlean Gaertner
270362,Hon.,Delmy,L,Sund,F,delmy.sund@gmail.com,Jan Sund,Providencia Sund
244505,Mr.,Aaron,O,Holquin,M,aaron.holquin@hotmail.com,Sidney Holquin,Bethann Holquin
993029,Mr.,Warren,H,Langner,M,warren.langner@shell.com,Norman Langner,Inger Langner
234600,Mr.,Guadalupe,W,Maney,M,guadalupe.maney@yahoo.com,Wilbert Maney,Mi Maney
881793,Mr.,Lincoln,Y,Grizzle,M,lincoln.grizzle@yahoo.com,Ted Grizzle,Inez Grizzle
657825,Drs.,Jacquelyn,S,Stennett,F,jacquelyn.stennett@gmail.com,Hubert Stennett,Drucilla Stennett
343563,Mr.,Hubert,A,Sherrill,M,hubert.sherrill@gmail.com,Osvaldo Sherrill,Nidia Sherrill
633735,Mrs.,Kelli,F,Man,F,kelli.man@hotmail.com,Jose Man,Eryn Man
998842,Ms.,Marvis,P,Storms,F,marvis.storms@hotmail.com,Damian Storms,Nancey Storms
141095,Hon.,Ernesto,X,Dorsett,M,ernesto.dorsett@gmail.com,Miles Dorsett,Glendora Dorsett
834943,Ms.,Corazon,B,Goble,F,corazon.goble@exxonmobil.com,Lincoln Goble,Victorina Goble
780472,Drs.,Shanon,K,Pucci,F,shanon.pucci@earthlink.net,Emilio Pucci,Cari Pucci
362667,Mr.,Vaughn,F,Lumsden,M,vaughn.lumsden@hotmail.com,Giovanni Lumsden,Mi Lumsden
193067,Ms.,Terry,Q,Wentzel,F,terry.wentzel@aol.com,Leif Wentzel,Carleen Wentzel
248689,Mrs.,Merlene,N,Callahan,F,merlene.callahan@hotmail.com,Matthew Callahan,Bethanie Callahan
496915,Mr.,Chris,M,Negrin,M,chris.negrin@hotmail.com,Manual Negrin,Sanjuanita Negrin
451403,Hon.,Ron,V,Patchen,M,ron.patchen@yahoo.com,Scotty Patchen,Myra Patchen
657110,Hon.,Rosetta,N,Marvin,F,rosetta.marvin@gmail.com,Joshua Marvin,Janette Marvin
443581,Mr.,Jamal,X,Vezina,M,jamal.vezina@hotmail.com,Jermaine Vezina,Sharolyn Vezina
706728,Ms.,Evan,G,Bator,F,evan.bator@walmart.com,Trent Bator,Karmen Bator
327388,Mr.,Emanuel,B,Gowin,M,emanuel.gowin@gmail.com,Carol Gowin,Carri Gowin
623992,Mr.,Chase,O,Cowen,M,chase.cowen@gmail.com,Dante Cowen,Vesta Cowen
202874,Mr.,Harlan,B,Delany,M,harlan.delany@gmail.com,Earnest Delany,Katherina Delany
893474,Mr.,Milford,L,Rodrigues,M,milford.rodrigues@gmail.com,Dorian Rodrigues,Melina Rodrigues
706604,Mrs.,Yvette,S,Luckey,F,yvette.luckey@gmail.com,Shelby Luckey,Johanne Luckey
445763,Mrs.,Neva,B,Krahn,F,neva.krahn@charter.net,Samual Krahn,Hettie Krahn
748196,Mr.,Norman,K,Nolen,M,norman.nolen@apple.com,Colin Nolen,Jeana Nolen
336720,Mrs.,Cindy,E,Dossett,F,cindy.dossett@sbcglobal.net,Antwan Dossett,Yajaira Dossett
250346,Mrs.,Precious,P,Bunch,F,precious.bunch@gmail.com,Edwardo Bunch,Andre Bunch
416314,Mrs.,Kyoko,K,Mock,F,kyoko.mock@apple.com,Jeffery Mock,Kristian Mock
808983,Mr.,Victor,I,Glasscock,M,victor.glasscock@yahoo.co.uk,Dario Glasscock,Ariane Glasscock
459263,Mr.,Landon,M,Coldwell,M,landon.coldwell@gmail.com,Garth Coldwell,Yetta Coldwell
968002,Mr.,Carmen,Q,Pierson,M,carmen.pierson@hotmail.co.uk,Nelson Pierson,Xuan Pierson
563042,Mr.,Warner,U,Peterman,M,warner.peterman@gmail.com,Hector Peterman,Tamra Peterman
803041,Ms.,Cherise,Z,Romeo,F,cherise.romeo@hotmail.com,Christian Romeo,Courtney Romeo
285464,Ms.,Cyndy,G,Breece,F,cyndy.breece@gmail.com,Sterling Breece,Jodie Breece
508714,Ms.,Thea,C,Rademacher,F,thea.rademacher@yahoo.com,Ivory Rademacher,Kina Rademacher
660743,Mr.,Galen,D,Oyama,M,galen.oyama@yahoo.co.uk,Dario Oyama,Hertha Oyama
128212,Mrs.,Ok,E,Rish,F,ok.rish@hotmail.com,Ezekiel Rish,Cheryle Rish
121800,Mrs.,Cathryn,M,Brazier,F,cathryn.brazier@outlook.com,Heriberto Brazier,Sean Brazier
675270,Hon.,Maxwell,G,Wexler,M,maxwell.wexler@rediffmail.com,Milton Wexler,Jonell Wexler
467716,Mrs.,Eugena,I,Lecuyer,F,eugena.lecuyer@bellsouth.net,James Lecuyer,Lala Lecuyer
898482,Hon.,Freddy,O,Morefield,M,freddy.morefield@gmail.com,Ty Morefield,Kera Morefield
126312,Mr.,Bernie,L,Lonergan,M,bernie.lonergan@charter.net,Wes Lonergan,Marchelle Lonergan
160215,Mrs.,Ashlie,G,Clinton,F,ashlie.clinton@bellsouth.net,Ervin Clinton,Vernia Clinton
184103,Mr.,Domingo,Z,Raposa,M,domingo.raposa@yahoo.ca,Mauricio Raposa,Marissa Raposa
346761,Hon.,Yasmin,D,Tollefson,F,yasmin.tollefson@shell.com,Lon Tollefson,Minerva Tollefson
878047,Dr.,Norman,N,Tafoya,M,norman.tafoya@yahoo.com,Jeremiah Tafoya,Jennell Tafoya
837520,Ms.,Lelia,A,Coppin,F,lelia.coppin@hotmail.com,Aldo Coppin,Refugio Coppin
243551,Ms.,Brinda,X,Camara,F,brinda.camara@gmail.com,Lonny Camara,Tayna Camara
338771,Mr.,Jordan,W,Knupp,M,jordan.knupp@gmail.com,Dewey Knupp,Catalina Knupp
613170,Hon.,Eura,A,Olmo,F,eura.olmo@msn.com,Rogelio Olmo,Irma Olmo
943132,Mrs.,Hee,U,Molinaro,F,hee.molinaro@msn.com,Glenn Molinaro,Felice Molinaro
438216,Mrs.,Jon,I,New,F,jon.new@yahoo.co.in,Sammy New,Tynisha New
220271,Mr.,Chester,U,Martina,M,chester.martina@outlook.com,Garland Martina,Brynn Martina
683298,Ms.,Jon,F,Gustavson,F,jon.gustavson@hotmail.com,Bryan Gustavson,Terrell Gustavson
922202,Mr.,Rory,O,Greiner,M,rory.greiner@bp.com,Barry Greiner,Sarina Greiner
154871,Mr.,Bud,Z,Gentile,M,bud.gentile@gmail.com,Julius Gentile,Daniela Gentile
553163,Mr.,Maria,A,Bingaman,M,maria.bingaman@aol.com,Dirk Bingaman,Joeann Bingaman
569388,Ms.,Windy,Z,Allard,F,windy.allard@shell.com,Lloyd Allard,Cynthia Allard
609635,Ms.,Stephanie,Z,Shatley,F,stephanie.shatley@gmail.com,Abel Shatley,Ammie Shatley
611018,Ms.,Dollie,V,Bottorff,F,dollie.bottorff@gmail.com,Quintin Bottorff,Terrell Bottorff
851607,Mrs.,Valentine,K,Wier,F,valentine.wier@hotmail.co.uk,Christian Wier,Dean Wier
228959,Mr.,Alec,F,Amos,M,alec.amos@gmail.com,Van Amos,Franchesca Amos
188429,Mrs.,Tamatha,J,Sitz,F,tamatha.sitz@aol.com,Jake Sitz,Pearlie Sitz
202109,Mrs.,Wonda,R,Emmerich,F,wonda.emmerich@gmail.com,Werner Emmerich,Sharie Emmerich
207021,Ms.,Jewell,B,Charon,F,jewell.charon@gmail.com,Deandre Charon,Carri Charon
887761,Mrs.,Lindy,V,Curtsinger,F,lindy.curtsinger@aol.com,Marlon Curtsinger,Elanor Curtsinger
481338,Mrs.,Birgit,C,Lowrance,F,birgit.lowrance@yahoo.ca,Andrew Lowrance,Genia Lowrance
737663,Mr.,Julian,G,Pippen,M,julian.pippen@hotmail.com,Reyes Pippen,Dede Pippen
801967,Mr.,Marc,L,Benito,M,marc.benito@outlook.com,Leslie Benito,Tanisha Benito
720327,Mrs.,Thao,U,Santiago,F,thao.santiago@hotmail.com,Carlos Santiago,Lyndia Santiago
798094,Mr.,Leslie,D,Vanderhoff,M,leslie.vanderhoff@gmail.com,Phil Vanderhoff,Leonida Vanderhoff
566256,Mrs.,Zana,K,Bartel,F,zana.bartel@hotmail.com,Cedric Bartel,Vernia Bartel
979600,Drs.,Shanta,L,Bassham,F,shanta.bassham@yahoo.co.uk,Stanley Bassham,Erin Bassham
530529,Hon.,Chuck,S,Sydnor,M,chuck.sydnor@shell.com,Daren Sydnor,Hanna Sydnor
560411,Mr.,Clay,X,Sawicki,M,clay.sawicki@gmail.com,Linwood Sawicki,Angelique Sawicki
367196,Hon.,Ashton,S,Mooneyhan,F,ashton.mooneyhan@gmail.com,Valentin Mooneyhan,Shaina Mooneyhan
979772,Mr.,Logan,X,Kriner,M,logan.kriner@msn.com,Angelo Kriner,Shaunta Kriner
765473,Mr.,Buster,H,Baughn,M,buster.baughn@bp.com,Luigi Baughn,Dennise Baughn
260312,Mr.,Dick,I,Mcelwain,M,dick.mcelwain@gmail.com,Olen Mcelwain,Theola Mcelwain
275522,Mrs.,Dolly,E,Forsman,F,dolly.forsman@hotmail.com,Jarred Forsman,Latasha Forsman
897374,Mr.,Lamont,K,Deese,M,lamont.deese@gmail.com,Darius Deese,America Deese
529377,Mrs.,Dionne,H,Michaud,F,dionne.michaud@yahoo.co.in,Stephen Michaud,Shemika Michaud
862914,Mr.,Demetrius,F,Mendes,M,demetrius.mendes@gmail.com,Lauren Mendes,Lola Mendes
784776,Mrs.,Angelique,I,Moorhead,F,angelique.moorhead@btinternet.com,Louis Moorhead,Erin Moorhead
640663,Mr.,Stefan,B,Kittinger,M,stefan.kittinger@gmail.com,Cleo Kittinger,Tess Kittinger
375248,Mrs.,Willie,Q,Narcisse,F,willie.narcisse@ibm.com,Wiley Narcisse,Shanon Narcisse
764753,Mr.,Orval,S,Bice,M,orval.bice@verizon.net,Alfredo Bice,Shizuko Bice
316453,Mr.,Marcelo,H,Danaher,M,marcelo.danaher@bp.com,Oscar Danaher,Leida Danaher
111819,Mr.,Aubrey,S,Mikel,M,aubrey.mikel@verizon.net,Milford Mikel,Devorah Mikel
874321,Ms.,Karina,X,Trotta,F,karina.trotta@gmail.com,Willie Trotta,Belkis Trotta
974349,Mrs.,Taneka,I,Samson,F,taneka.samson@gmail.com,Lauren Samson,Tamiko Samson
122779,Ms.,Jena,Q,Jesus,F,jena.jesus@hotmail.com,Alex Jesus,Ginette Jesus
498615,Mrs.,Lavera,Q,Mardis,F,lavera.mardis@charter.net,Porter Mardis,Janine Mardis
518837,Ms.,Elanor,V,Messinger,F,elanor.messinger@hotmail.com,Clyde Messinger,Lavada Messinger
737198,Mrs.,Krystina,U,Teasley,F,krystina.teasley@yahoo.com,Jarod Teasley,Albertine Teasley
522817,Ms.,Altagracia,S,Whistler,F,altagracia.whistler@yahoo.com,Jerold Whistler,Lashaunda Whistler
454968,Mr.,Wilson,Y,Gonser,M,wilson.gonser@yahoo.co.uk,Steve Gonser,Providencia Gonser
958157,Dr.,Abram,G,Valletta,M,abram.valletta@ibm.com,Zackary Valletta,Ara Valletta
494109,Ms.,Cherri,P,Wrenn,F,cherri.wrenn@yahoo.com,Russ Wrenn,Berneice Wrenn
916362,Ms.,Joyce,D,Mealey,F,joyce.mealey@shell.com,Tracy Mealey,Ellan Mealey
503717,Dr.,Jamel,R,Seman,M,jamel.seman@yahoo.com,Sterling Seman,Dovie Seman
901535,Mr.,Archie,K,Fludd,M,archie.fludd@btinternet.com,Trinidad Fludd,Savanna Fludd
617317,Prof.,Hunter,J,Radcliff,M,hunter.radcliff@gmail.com,Sam Radcliff,Leida Radcliff
908936,Mr.,Vicente,Q,Tarpley,M,vicente.tarpley@gmail.com,Chung Tarpley,Bernardine Tarpley
550517,Ms.,Tessa,B,Brazil,F,tessa.brazil@aol.com,Edwardo Brazil,Tracee Brazil
909790,Prof.,Lupe,Z,Kivett,M,lupe.kivett@charter.net,Max Kivett,Zoe Kivett
368810,Ms.,Jolynn,V,Griswold,F,jolynn.griswold@ntlworld.com,Arlen Griswold,Cierra Griswold
770125,Mrs.,Victoria,V,Munos,F,victoria.munos@gmail.com,Moses Munos,Liz Munos
286611,Mrs.,Shavonne,U,Allgood,F,shavonne.allgood@gmail.com,Mitch Allgood,Suzan Allgood
409192,Ms.,Rosaura,B,Powe,F,rosaura.powe@yahoo.com,Wilson Powe,Cythia Powe
636447,Mr.,Rudy,X,Watchman,M,rudy.watchman@aol.com,Isaias Watchman,Paige Watchman
336355,Ms.,Laverna,W,Garr,F,laverna.garr@apple.com,Johnny Garr,Mollie Garr
702721,Dr.,Nathan,Y,Rex,M,nathan.rex@apple.com,Allen Rex,Mui Rex
260905,Mrs.,Elenora,W,Bragg,F,elenora.bragg@ibm.com,Mario Bragg,Jaclyn Bragg
670064,Mr.,Walker,Y,Waldon,M,walker.waldon@aol.com,Ronald Waldon,Ossie Waldon
802559,Ms.,Jennine,P,Piotrowski,F,jennine.piotrowski@yahoo.com,Jamar Piotrowski,Dorathy Piotrowski
789654,Mr.,Sherin,K,Thomas,M,sherinkthomas@gmail.com,Thomas,Rachel


